file_index,event,is_marley,is_main_track,is_es_interaction,pos_x,pos_y,pos_z,momentum_x,momentum_y,momentum_z,cluster_energy,particle_energy,plane_id,match_id,true_label,prediction_prob,predicted_label
0,38,1,1,1,-5.887769,488.1939,352.19473,-0.0043190317,0.0028838543,-0.0032902372,6.773611,6.612222,2,0,1,0.9793634,1
0,34,0,0,0,0.0,0.0,0.0,0.0,0.0,0.0,3.0005765,2.9488888,2,-1,0,0.19244015,0
0,39,0,0,0,0.0,0.0,0.0,0.0,0.0,0.0,2.2910972,2.2333333,2,-1,0,0.17574944,0
0,31,0,0,0,0.0,0.0,0.0,0.0,0.0,0.0,2.319125,2.3733332,2,-1,0,0.11662975,0
0,22,0,0,0,0.0,0.0,0.0,0.0,0.0,0.0,2.1300557,2.0697222,2,-1,0,0.06661797,0
0,36,0,0,0,0.0,0.0,0.0,0.0,0.0,0.0,2.0319166,2.0261111,2,-1,0,0.06831521,0
0,26,0,0,0,0.0,0.0,0.0,0.0,0.0,0.0,2.615382,2.5447223,2,-1,0,0.11045051,0
0,28,1,1,1,18.708385,9.318565,39.331944,-0.01250021,0.009066613,-0.005085229,14.290597,14.478333,2,1,1,0.9996265,1
0,33,0,0,0,0.0,0.0,0.0,0.0,0.0,0.0,2.7446666,2.7180555,2,-1,0,0.19137603,0
0,18,1,1,1,-16.291069,-355.53757,393.77115,-0.006841085,0.0065915715,-0.0007679391,11.508764,11.657778,2,2,1,0.95599,1
0,28,1,0,1,18.708385,9.318565,39.331944,-0.01250021,0.009066613,-0.005085229,5.5645,5.644722,2,-1,0,0.9335432,1
0,19,0,0,0,0.0,0.0,0.0,0.0,0.0,0.0,2.3444169,2.3425,2,-1,0,0.08135154,0
0,36,1,1,1,-23.371807,-60.02252,453.8512,-0.016085034,0.011337085,-0.0046725003,15.519625,15.758889,2,3,1,0.9997476,1
0,36,1,0,1,-23.371807,-60.02252,453.8512,-0.016085034,0.011337085,-0.0046725003,7.1370835,7.11,2,-1,0,0.9789869,1
0,10,1,1,1,-25.892584,-341.5954,348.6927,-0.009355868,0.0031598418,-0.0027107694,12.039438,12.152778,2,4,1,0.99312735,1
0,4,0,0,0,0.0,0.0,0.0,0.0,0.0,0.0,2.4035833,2.4369445,2,-1,0,0.09837133,0
0,29,1,1,1,-30.737474,-355.83762,320.15714,-0.017581182,0.009892504,-0.0065878616,21.07006,21.193611,2,5,1,0.98965734,1
0,8,0,0,0,0.0,0.0,0.0,0.0,0.0,0.0,2.3927083,2.3952777,2,-1,0,0.1282574,0
0,12,1,1,1,39.016453,76.344986,429.8849,-0.001756425,0.0025338717,-0.00016597223,3.06975,3.0452778,2,6,1,0.23362845,0
0,3,0,0,0,0.0,0.0,0.0,0.0,0.0,0.0,2.3812847,2.318889,2,-1,0,0.09000395,0
0,35,0,0,0,0.0,0.0,0.0,0.0,0.0,0.0,2.9345558,2.9397223,2,-1,0,0.31477973,0
0,29,0,0,0,0.0,0.0,0.0,0.0,0.0,0.0,2.8466666,2.7580554,2,-1,0,0.106917225,0
0,37,0,0,0,0.0,0.0,0.0,0.0,0.0,0.0,2.679375,2.6736112,2,-1,0,0.18297735,0
0,8,0,0,0,0.0,0.0,0.0,0.0,0.0,0.0,2.7626946,2.6819444,2,-1,0,0.38237932,0
0,14,1,1,1,-48.75162,529.6959,330.12277,-0.0028694405,0.003173055,-0.0024127222,5.5855975,5.4194446,2,7,1,0.99819857,1
0,3,0,0,0,0.0,0.0,0.0,0.0,0.0,0.0,2.0807917,2.0780556,2,-1,0,0.076182954,0
0,28,0,0,0,0.0,0.0,0.0,0.0,0.0,0.0,2.2468126,2.2458334,2,-1,0,0.09870317,0
0,34,0,0,0,0.0,0.0,0.0,0.0,0.0,0.0,2.0456111,2.1388888,2,-1,0,0.0542853,0
0,6,1,1,1,-57.002087,-349.0166,356.87778,-0.0063442313,0.0027110395,-0.0015971033,7.8025694,7.8058333,2,8,1,0.9980526,1
0,11,1,1,1,75.08177,-61.44444,24.691378,-0.01092081,0.0068788556,-0.0059621288,7.6378756,7.5469446,2,9,1,0.9751041,1
0,34,0,0,0,0.0,0.0,0.0,0.0,0.0,0.0,2.6531668,2.5702777,2,-1,0,0.13182645,0
0,33,0,0,0,0.0,0.0,0.0,0.0,0.0,0.0,1.9717084,2.0475,2,-1,0,0.11672558,0
0,14,0,0,0,0.0,0.0,0.0,0.0,0.0,0.0,2.7287571,2.6683333,2,-1,0,0.28912666,0
0,11,1,0,1,75.08177,-61.44444,24.691378,-0.01092081,0.0068788556,-0.0059621288,7.030486,7.032778,2,-1,0,0.9613074,1
0,1,1,1,1,-74.09154,-59.51143,440.50247,-0.0053863013,0.0023528258,-0.0036964086,5.7543893,5.7588887,2,10,1,0.9781108,1
0,35,1,1,1,-75.57922,-579.53406,64.15891,-0.013907733,0.0055885147,-0.0041224533,10.884318,10.894722,2,11,1,0.9990392,1
0,13,0,0,0,0.0,0.0,0.0,0.0,0.0,0.0,2.4001112,2.3688889,2,-1,0,0.29096016,0
0,28,0,0,0,0.0,0.0,0.0,0.0,0.0,0.0,2.0752084,2.0586112,2,-1,0,0.110921524,0
0,11,0,0,0,0.0,0.0,0.0,0.0,0.0,0.0,2.8151388,2.7766666,2,-1,0,0.15893316,0
0,11,0,0,0,0.0,0.0,0.0,0.0,0.0,0.0,2.3084028,2.3777778,2,-1,0,0.10997745,0
0,1,0,0,0,0.0,0.0,0.0,0.0,0.0,0.0,2.6815624,2.5919445,2,-1,0,0.07272967,0
0,25,0,0,0,0.0,0.0,0.0,0.0,0.0,0.0,2.18525,2.2116666,2,-1,0,0.097110964,0
0,7,0,0,0,0.0,0.0,0.0,0.0,0.0,0.0,2.552139,2.5427778,2,-1,0,0.09358267,0
0,25,0,0,0,0.0,0.0,0.0,0.0,0.0,0.0,2.320486,2.356111,2,-1,0,0.11485055,0
0,20,1,1,1,-105.86852,170.17392,305.96774,-0.018084751,0.01122276,-0.0063495403,24.366701,24.138056,2,12,1,0.9997328,1
0,6,0,0,0,0.0,0.0,0.0,0.0,0.0,0.0,2.5885556,2.6055555,2,-1,0,0.19821337,0
0,25,0,0,0,0.0,0.0,0.0,0.0,0.0,0.0,2.4322293,2.4816666,2,-1,0,0.42734528,0
0,27,0,0,0,0.0,0.0,0.0,0.0,0.0,0.0,2.1189027,2.1027777,2,-1,0,0.08003405,0
0,17,1,1,1,-126.27135,7.7758036,101.04736,-0.005315043,0.0011268815,-0.0013364052,5.8978753,5.966111,2,13,1,0.97473675,1
0,16,0,0,0,0.0,0.0,0.0,0.0,0.0,0.0,2.2080417,2.2758334,2,-1,0,0.10327803,0
0,16,0,0,0,0.0,0.0,0.0,0.0,0.0,0.0,2.181139,2.2494445,2,-1,0,0.080460005,0
0,2,0,0,0,0.0,0.0,0.0,0.0,0.0,0.0,1.9892223,2.043611,2,-1,0,0.12390391,0
0,8,0,0,0,0.0,0.0,0.0,0.0,0.0,0.0,2.869764,2.8052778,2,-1,0,0.06832762,0
0,3,0,0,0,0.0,0.0,0.0,0.0,0.0,0.0,2.127361,2.0683334,2,-1,0,0.12241165,0
0,33,0,0,0,0.0,0.0,0.0,0.0,0.0,0.0,2.516368,2.5327778,2,-1,0,0.14868228,0
0,14,0,0,0,0.0,0.0,0.0,0.0,0.0,0.0,2.4509652,2.3891666,2,-1,0,0.14254202,0
0,35,0,0,0,0.0,0.0,0.0,0.0,0.0,0.0,2.150132,2.1363888,2,-1,0,0.13477167,0
0,10,0,0,0,0.0,0.0,0.0,0.0,0.0,0.0,2.0554862,2.0572221,2,-1,0,0.078038774,0
0,4,1,1,1,-146.56323,518.573,143.73297,-0.0065074577,0.002348898,-0.0029907643,8.400437,8.353611,2,14,1,0.9893674,1
0,11,0,0,0,0.0,0.0,0.0,0.0,0.0,0.0,2.242111,2.2225,2,-1,0,0.08246882,0
0,27,0,0,0,0.0,0.0,0.0,0.0,0.0,0.0,1.9766943,2.1233332,2,-1,0,0.09457419,0
0,18,0,0,0,0.0,0.0,0.0,0.0,0.0,0.0,2.0704722,2.0158334,2,-1,0,0.08956193,0
0,2,0,0,0,0.0,0.0,0.0,0.0,0.0,0.0,2.2073681,2.2055554,2,-1,0,0.08529248,0
0,6,0,0,0,0.0,0.0,0.0,0.0,0.0,0.0,2.1788125,2.2316666,2,-1,0,0.09796044,0
0,12,0,0,0,0.0,0.0,0.0,0.0,0.0,0.0,2.3784099,2.4030557,2,-1,0,0.094294265,0
0,20,0,0,0,0.0,0.0,0.0,0.0,0.0,0.0,2.0939999,2.1322222,2,-1,0,0.0876713,0
0,4,0,0,0,0.0,0.0,0.0,0.0,0.0,0.0,2.3889654,2.2655556,2,-1,0,0.019343883,0
0,30,1,1,1,-176.48962,237.26251,230.23811,-0.010534715,0.0033863105,-0.0030158015,11.259397,11.388333,2,15,1,0.99924386,1
0,39,0,0,0,0.0,0.0,0.0,0.0,0.0,0.0,2.4410694,2.4080555,2,-1,0,0.49212307,0
0,34,1,1,1,-183.23723,-238.36798,431.1101,-0.010416652,0.0043395986,-0.0044041662,10.088492,10.206944,2,16,1,0.9805612,1
0,17,0,0,0,0.0,0.0,0.0,0.0,0.0,0.0,2.2896805,2.3483334,2,-1,0,0.10722123,0
0,19,1,0,1,238.02531,-144.29382,430.02203,-0.009626028,0.0060375906,-0.0002993361,2.1471598,2.2508333,2,-1,0,0.09746873,0
0,7,1,1,1,-188.69368,63.480026,222.78485,-0.022850662,0.011884853,-0.004161582,24.33643,24.3675,2,17,1,0.99975044,1
0,18,0,0,0,0.0,0.0,0.0,0.0,0.0,0.0,2.1206806,2.1455555,2,-1,0,0.073800474,0
0,1,0,0,0,0.0,0.0,0.0,0.0,0.0,0.0,2.5546248,2.5541666,2,-1,0,0.11894029,0
0,7,1,0,1,-188.69368,63.480026,222.78485,-0.022850662,0.011884853,-0.004161582,2.4916525,2.5019445,2,-1,0,0.14994586,0
0,37,1,1,1,-203.52924,-588.1802,186.406,-0.008018905,0.005126691,0.00027105171,7.381229,7.3616667,2,18,1,0.97532177,1
0,32,1,1,1,215.82158,550.5805,423.77045,-0.015124275,0.009173758,-0.0021834257,17.6982,17.590555,2,19,1,0.9949456,1
0,13,1,1,1,-220.11273,315.50497,56.13667,-0.004111846,0.0005828244,-0.0015569899,4.348611,4.3133335,2,20,1,0.9703076,1
0,6,0,0,0,0.0,0.0,0.0,0.0,0.0,0.0,2.0853333,2.0366666,2,-1,0,0.08964818,0
0,27,1,1,1,225.60738,207.4139,447.24353,-0.0066326717,0.006687731,-0.00084760826,9.90184,9.795278,2,21,1,0.97851574,1
0,15,0,0,0,0.0,0.0,0.0,0.0,0.0,0.0,2.485,2.466389,2,-1,0,0.1042535,0
0,21,0,0,0,0.0,0.0,0.0,0.0,0.0,0.0,2.2441945,2.201111,2,-1,0,0.067006156,0
0,23,0,0,0,0.0,0.0,0.0,0.0,0.0,0.0,2.5438123,2.4577777,2,-1,0,0.17354614,0
0,16,1,1,1,236.56126,373.96478,381.2648,-0.016315952,0.0064327684,-0.0053229593,10.353409,10.266111,2,22,1,0.96240115,1
0,16,1,0,1,236.56126,373.96478,381.2648,-0.016315952,0.0064327684,-0.0053229593,9.246591,9.169167,2,-1,0,0.9923367,1
0,33,0,0,0,0.0,0.0,0.0,0.0,0.0,0.0,2.0274515,2.101389,2,-1,0,0.078555554,0
0,11,0,0,0,0.0,0.0,0.0,0.0,0.0,0.0,2.2080486,2.116111,2,-1,0,0.30616033,0
0,19,1,1,1,238.02531,-144.29382,430.02203,-0.009626028,0.0060375906,-0.0002993361,6.604375,6.641111,2,23,1,0.9473513,1
0,24,1,1,1,243.04498,-397.75613,396.9251,-0.008273044,0.008182299,-0.0023187643,10.618576,10.52,2,24,1,0.99592185,1
0,31,0,0,0,0.0,0.0,0.0,0.0,0.0,0.0,2.800632,2.77,2,-1,0,0.16993949,0
0,5,1,1,1,245.20355,-286.1008,279.46588,-0.0022097856,0.001947603,0.00068015134,2.6371388,2.5786111,2,25,1,0.14097512,0
0,40,1,0,1,274.70532,-144.05058,462.2097,-0.02636478,0.012909112,-0.0071638166,2.187882,2.2972221,2,-1,0,0.12632942,0
0,15,0,0,0,0.0,0.0,0.0,0.0,0.0,0.0,2.1276877,2.055,2,-1,0,0.06640479,0
0,28,0,0,0,0.0,0.0,0.0,0.0,0.0,0.0,2.5626736,2.4947221,2,-1,0,0.13870381,0
0,28,0,0,0,0.0,0.0,0.0,0.0,0.0,0.0,2.7711806,2.7722223,2,-1,0,0.068561606,0
0,15,0,0,0,0.0,0.0,0.0,0.0,0.0,0.0,15.453049,-1.0,2,-1,0,0.9999901,1
0,13,0,0,0,0.0,0.0,0.0,0.0,0.0,0.0,2.1730835,2.2458334,2,-1,0,0.061173026,0
0,22,1,1,1,-255.56186,460.29678,337.00342,-0.0024384442,0.0021267226,0.00036510016,2.3681111,2.3841667,2,26,1,0.089006,0
0,33,0,0,0,0.0,0.0,0.0,0.0,0.0,0.0,2.3217084,2.3275,2,-1,0,0.14329995,0
0,18,0,0,0,0.0,0.0,0.0,0.0,0.0,0.0,2.7842708,2.7180555,2,-1,0,0.16323633,0
0,29,0,0,0,0.0,0.0,0.0,0.0,0.0,0.0,2.4627779,2.4455554,2,-1,0,0.110182144,0
0,40,1,1,1,274.70532,-144.05058,462.2097,-0.02636478,0.012909112,-0.0071638166,17.321695,17.234444,2,27,1,0.9796876,1
0,2,1,1,1,-269.8394,238.28468,380.69073,-0.02028906,0.011483421,-0.009038155,22.627304,22.780556,2,28,1,0.99927634,1
0,40,1,0,1,274.70532,-144.05058,462.2097,-0.02636478,0.012909112,-0.0071638166,7.6104374,7.5480556,2,-1,0,0.9993357,1
0,6,0,0,0,0.0,0.0,0.0,0.0,0.0,0.0,2.8295276,2.7919445,2,-1,0,0.12755358,0
0,23,1,1,1,279.12277,-61.813297,21.58247,-0.013150806,0.009370513,-0.0069675245,17.615702,17.807777,2,29,1,0.9701694,1
0,25,0,0,0,0.0,0.0,0.0,0.0,0.0,0.0,2.3699028,2.3663888,2,-1,0,0.16160104,0
0,9,1,1,1,279.28745,-83.18786,88.02236,-0.0026317264,0.0031765765,-0.0009891049,3.766618,3.7622223,2,30,1,0.9301235,1
0,21,0,0,0,0.0,0.0,0.0,0.0,0.0,0.0,2.3770695,2.3005555,2,-1,0,0.10375182,0
0,31,0,0,0,0.0,0.0,0.0,0.0,0.0,0.0,2.521111,2.4780555,2,-1,0,0.21293335,0
0,24,0,0,0,0.0,0.0,0.0,0.0,0.0,0.0,2.471743,2.4994445,2,-1,0,0.1354282,0
0,26,0,0,0,0.0,0.0,0.0,0.0,0.0,0.0,2.5552502,2.4730556,2,-1,0,0.13883173,0
0,10,0,0,0,0.0,0.0,0.0,0.0,0.0,0.0,1.9938195,2.047778,2,-1,0,0.047249444,0
0,17,0,0,0,0.0,0.0,0.0,0.0,0.0,0.0,2.829389,2.8727777,2,-1,0,0.49037614,0
0,25,0,0,0,0.0,0.0,0.0,0.0,0.0,0.0,2.1606042,2.1158333,2,-1,0,0.121206716,0
0,33,1,1,1,304.10547,-371.0707,191.18419,-0.003301656,0.0037821569,-2.3156374e-05,4.5671945,4.5958333,2,31,1,0.9832034,1
0,2,0,0,0,0.0,0.0,0.0,0.0,0.0,0.0,2.1449099,2.1219444,2,-1,0,0.073140986,0
0,24,0,0,0,0.0,0.0,0.0,0.0,0.0,0.0,2.3050694,2.2616668,2,-1,0,0.07397562,0
0,6,0,0,0,0.0,0.0,0.0,0.0,0.0,0.0,2.2722223,2.3202777,2,-1,0,0.09596834,0
0,27,0,0,0,0.0,0.0,0.0,0.0,0.0,0.0,2.3204308,2.2733333,2,-1,0,0.09948734,0
0,21,1,1,1,-324.4796,51.498844,248.415,-0.011652086,0.00804348,-0.0056090443,10.504735,10.477222,2,32,1,0.9833734,1
0,12,0,0,0,0.0,0.0,0.0,0.0,0.0,0.0,2.5099099,2.5130556,2,-1,0,0.25889793,0
0,21,1,0,1,-324.4796,51.498844,248.415,-0.011652086,0.00804348,-0.0056090443,2.0357502,2.0330555,2,-1,0,0.10229787,0
0,32,0,0,0,0.0,0.0,0.0,0.0,0.0,0.0,2.2135832,2.1466668,2,-1,0,0.08315507,0
0,39,0,0,0,0.0,0.0,0.0,0.0,0.0,0.0,2.280347,2.2302778,2,-1,0,0.07233036,0
0,31,1,1,1,-337.67313,170.78697,126.02606,-0.002603472,0.0024494815,-0.0019126666,3.42,3.4833333,2,33,1,0.9454038,1
0,30,0,0,0,0.0,0.0,0.0,0.0,0.0,0.0,1.9338542,2.0455556,2,-1,0,0.0652006,0
0,20,0,0,0,0.0,0.0,0.0,0.0,0.0,0.0,2.026993,2.0647223,2,-1,0,0.10002416,0
0,8,0,0,0,0.0,0.0,0.0,0.0,0.0,0.0,2.297868,2.2947223,2,-1,0,0.10122302,0
0,18,0,0,0,0.0,0.0,0.0,0.0,0.0,0.0,2.5140002,2.5794444,2,-1,0,0.044883173,0
0,20,0,0,0,0.0,0.0,0.0,0.0,0.0,0.0,2.1304028,2.0841668,2,-1,0,0.10669162,0
0,40,0,0,0,0.0,0.0,0.0,0.0,0.0,0.0,2.001611,2.0683334,2,-1,0,0.047519602,0
0,14,0,0,0,0.0,0.0,0.0,0.0,0.0,0.0,2.208611,2.1902778,2,-1,0,0.06327126,0
0,22,0,0,0,0.0,0.0,0.0,0.0,0.0,0.0,2.0543122,2.0219445,2,-1,0,0.08915909,0
0,25,0,0,0,0.0,0.0,0.0,0.0,0.0,0.0,2.4636316,2.488889,2,-1,0,0.10177757,0
0,39,0,0,0,0.0,0.0,0.0,0.0,0.0,0.0,2.0989306,2.1283333,2,-1,0,0.013375678,0
0,36,0,0,0,0.0,0.0,0.0,0.0,0.0,0.0,2.0957499,2.131389,2,-1,0,0.059856705,0
0,17,0,0,0,0.0,0.0,0.0,0.0,0.0,0.0,2.2709167,2.203889,2,-1,0,0.14145182,0
0,4,0,0,0,0.0,0.0,0.0,0.0,0.0,0.0,2.8774235,2.8791666,2,-1,0,0.06737675,0
0,10,0,0,0,0.0,0.0,0.0,0.0,0.0,0.0,2.316,2.2938888,2,-1,0,0.08149265,0
0,24,0,0,0,0.0,0.0,0.0,0.0,0.0,0.0,2.048854,2.0988889,2,-1,0,0.04899728,0
0,37,0,0,0,0.0,0.0,0.0,0.0,0.0,0.0,2.2742083,2.2327778,2,-1,0,0.08554387,0
0,20,0,0,0,0.0,0.0,0.0,0.0,0.0,0.0,2.108479,2.0575,2,-1,0,0.07472157,0
0,36,0,0,0,0.0,0.0,0.0,0.0,0.0,0.0,2.2754445,2.2152777,2,-1,0,0.09784116,0
0,16,0,0,0,0.0,0.0,0.0,0.0,0.0,0.0,2.4390554,2.4252777,2,-1,0,0.10160703,0
0,39,0,0,0,0.0,0.0,0.0,0.0,0.0,0.0,2.3421252,2.39,2,-1,0,0.025745096,0
1,34,0,0,0,0.0,0.0,0.0,0.0,0.0,0.0,2.296736,2.266389,2,-1,0,0.10308794,0
1,3,1,1,1,-14.579308,599.3256,300.33194,-0.0062732827,0.004892683,0.0002583534,2.964139,3.0486112,2,0,1,0.51892763,1
1,14,0,0,0,0.0,0.0,0.0,0.0,0.0,0.0,2.1014514,2.083611,2,-1,0,0.034619365,0
1,28,0,0,0,0.0,0.0,0.0,0.0,0.0,0.0,2.782785,2.7958333,2,-1,0,0.14186577,0
1,18,0,0,0,0.0,0.0,0.0,0.0,0.0,0.0,2.663986,2.585,2,-1,0,0.20397179,0
1,27,0,0,0,0.0,0.0,0.0,0.0,0.0,0.0,2.0714445,2.0738888,2,-1,0,0.11318839,0
1,17,1,1,1,-27.428907,-335.0945,87.41697,-0.014543722,0.006881721,-0.005086772,19.986423,20.203333,2,1,1,0.99955875,1
1,25,1,1,1,-27.851357,-156.32921,4.275841,-0.020417225,0.013137059,-0.0051299715,25.29625,25.462223,2,2,1,0.98897284,1
1,27,0,0,0,0.0,0.0,0.0,0.0,0.0,0.0,2.3348193,2.3791666,2,-1,0,0.12705718,0
1,3,0,0,0,0.0,0.0,0.0,0.0,0.0,0.0,2.146,2.0822222,2,-1,0,0.09575426,0
1,21,1,1,1,42.949795,338.70068,237.59955,-0.012623422,0.006796046,-0.0058983285,18.78366,18.876944,2,3,1,0.9846731,1
1,3,0,0,0,0.0,0.0,0.0,0.0,0.0,0.0,2.153722,2.105,2,-1,0,0.06845361,0
1,10,1,1,1,-46.154057,269.67975,131.23306,-0.008344578,0.0074857348,-0.0026034717,11.763347,11.882778,2,4,1,0.9971335,1
1,30,0,0,0,0.0,0.0,0.0,0.0,0.0,0.0,2.085389,2.1097221,2,-1,0,0.08557359,0
1,28,0,0,0,0.0,0.0,0.0,0.0,0.0,0.0,2.2419584,2.3091667,2,-1,0,0.08965845,0
1,30,0,0,0,0.0,0.0,0.0,0.0,0.0,0.0,2.433271,2.4505556,2,-1,0,0.29721078,0
1,14,1,1,1,-51.987553,-593.1324,455.07907,-0.01901176,0.0101240715,-0.0074834526,24.212042,23.799166,2,5,1,0.9998547,1
1,37,0,0,0,0.0,0.0,0.0,0.0,0.0,0.0,2.4588404,2.4691668,2,-1,0,0.124619186,0
1,37,0,0,0,0.0,0.0,0.0,0.0,0.0,0.0,2.6087224,2.6019444,2,-1,0,0.13974959,0
1,13,1,1,1,-62.167747,331.3601,55.345608,-0.016786294,0.009674892,-0.0031164316,16.841806,16.833334,2,6,1,0.9931977,1
1,13,1,0,1,-62.167747,331.3601,55.345608,-0.016786294,0.009674892,-0.0031164316,3.6020207,3.6430554,2,-1,0,0.92425525,1
1,15,1,1,1,-63.879036,-436.76083,411.685,-0.022937508,0.012950685,-0.0059537203,19.450672,19.400555,2,7,1,0.9938127,1
1,31,1,1,1,-66.4098,-133.65607,341.21454,-0.013512915,0.010522775,-0.0016061513,20.102348,20.045,2,8,1,0.9870281,1
1,15,0,0,0,0.0,0.0,0.0,0.0,0.0,0.0,2.6209304,2.6469445,2,-1,0,0.35513943,0
1,5,0,0,0,0.0,0.0,0.0,0.0,0.0,0.0,2.6598818,2.828889,2,-1,0,0.18767454,0
1,15,1,0,1,-63.879036,-436.76083,411.685,-0.022937508,0.012950685,-0.0059537203,7.1009583,7.169722,2,-1,0,0.9742063,1
1,28,0,0,0,0.0,0.0,0.0,0.0,0.0,0.0,2.5423126,2.5463889,2,-1,0,0.09846665,0
1,27,0,0,0,0.0,0.0,0.0,0.0,0.0,0.0,2.1201527,2.1816666,2,-1,0,0.17460564,0
1,33,1,1,1,-70.089264,-494.26242,93.07779,-0.008972346,0.00483081,-0.0039011156,6.1313124,6.1091666,2,9,1,0.971199,1
1,11,0,0,0,0.0,0.0,0.0,0.0,0.0,0.0,2.0515695,2.065,2,-1,0,0.069945745,0
1,20,0,0,0,0.0,0.0,0.0,0.0,0.0,0.0,2.0704167,2.0272222,2,-1,0,0.074127905,0
1,11,0,0,0,0.0,0.0,0.0,0.0,0.0,0.0,2.5882015,2.6869445,2,-1,0,0.115341626,0
1,36,0,0,0,0.0,0.0,0.0,0.0,0.0,0.0,2.3385208,2.3155556,2,-1,0,0.18245251,0
1,20,1,1,1,-82.45292,168.166,165.02121,-0.002555901,1.7518814e-05,-0.00020721833,2.5916667,2.6011112,2,10,1,0.12316097,0
1,31,0,0,0,0.0,0.0,0.0,0.0,0.0,0.0,1.9449373,2.001111,2,-1,0,0.1257908,0
1,29,0,0,0,0.0,0.0,0.0,0.0,0.0,0.0,2.1172223,2.1302779,2,-1,0,0.10110823,0
1,33,0,0,0,0.0,0.0,0.0,0.0,0.0,0.0,2.4238052,2.4288888,2,-1,0,0.20901708,0
1,11,0,0,0,0.0,0.0,0.0,0.0,0.0,0.0,2.3460972,2.3922222,2,-1,0,0.14357457,0
1,7,0,0,0,0.0,0.0,0.0,0.0,0.0,0.0,1.9306806,2.0025,2,-1,0,0.07703352,0
1,1,1,1,1,-97.561775,-61.121376,184.46292,-0.008856594,0.0061047194,-0.0003506119,9.962236,10.135278,2,11,1,0.9933537,1
1,6,0,0,0,0.0,0.0,0.0,0.0,0.0,0.0,2.2595,2.306111,2,-1,0,0.083955646,0
1,33,1,0,1,-70.089264,-494.26242,93.07779,-0.008972346,0.00483081,-0.0039011156,4.787306,4.812222,2,-1,0,0.97862214,1
1,32,1,1,1,-101.78403,207.01532,109.915085,-0.0019248067,0.0023304308,0.0004247555,2.9702914,2.9622223,2,12,1,0.69481844,1
1,6,1,1,1,107.06669,459.31116,456.49274,-0.01368372,0.01051767,-0.0022098888,15.798646,15.838333,2,13,1,0.9895188,1
1,6,0,0,0,0.0,0.0,0.0,0.0,0.0,0.0,2.1574445,2.1616666,2,-1,0,0.004110308,0
1,24,0,0,0,0.0,0.0,0.0,0.0,0.0,0.0,2.135611,2.1497223,2,-1,0,0.06514935,0
1,12,0,0,0,0.0,0.0,0.0,0.0,0.0,0.0,2.399854,2.4241667,2,-1,0,0.088877656,0
1,33,0,0,0,0.0,0.0,0.0,0.0,0.0,0.0,2.457847,2.4661112,2,-1,0,0.084281586,0
1,21,0,0,0,0.0,0.0,0.0,0.0,0.0,0.0,2.3369167,2.365,2,-1,0,0.12201776,0
1,18,1,1,1,113.405846,-470.4673,95.08871,-0.00966231,0.007419621,-0.0016856196,14.127535,14.179167,2,14,1,0.98128146,1
1,2,1,1,1,116.064156,242.29453,394.6119,-0.013264546,0.007356999,-0.0044107297,15.91721,15.845,2,15,1,0.8859405,1
1,34,0,0,0,0.0,0.0,0.0,0.0,0.0,0.0,2.326639,2.1894445,2,-1,0,0.11142817,0
1,16,0,0,0,0.0,0.0,0.0,0.0,0.0,0.0,2.117743,2.1116667,2,-1,0,0.092670254,0
1,8,0,0,0,0.0,0.0,0.0,0.0,0.0,0.0,2.0802362,2.12,2,-1,0,0.08769673,0
1,39,0,0,0,0.0,0.0,0.0,0.0,0.0,0.0,2.8294375,2.8422222,2,-1,0,0.18909875,0
1,37,0,0,0,0.0,0.0,0.0,0.0,0.0,0.0,2.0175972,2.0625,2,-1,0,0.06289147,0
1,24,0,0,0,0.0,0.0,0.0,0.0,0.0,0.0,2.2762432,2.3225,2,-1,0,0.089192,0
1,10,0,0,0,0.0,0.0,0.0,0.0,0.0,0.0,2.2494166,2.241111,2,-1,0,0.05425326,0
1,17,0,0,0,0.0,0.0,0.0,0.0,0.0,0.0,3.0058334,2.9741666,2,-1,0,0.08588181,0
1,32,0,0,0,0.0,0.0,0.0,0.0,0.0,0.0,2.07525,2.0663888,2,-1,0,0.08105413,0
1,16,0,0,0,0.0,0.0,0.0,0.0,0.0,0.0,2.18325,2.1666667,2,-1,0,0.09414988,0
1,10,0,0,0,0.0,0.0,0.0,0.0,0.0,0.0,2.5121388,2.5161111,2,-1,0,0.14130197,0
1,38,0,0,0,0.0,0.0,0.0,0.0,0.0,0.0,2.1141667,2.098611,2,-1,0,0.07944027,0
1,37,0,0,0,0.0,0.0,0.0,0.0,0.0,0.0,2.0310347,2.0972223,2,-1,0,0.11291679,0
1,10,0,0,0,0.0,0.0,0.0,0.0,0.0,0.0,2.1944444,2.1741667,2,-1,0,0.10707935,0
1,7,0,0,0,0.0,0.0,0.0,0.0,0.0,0.0,2.013333,2.001111,2,-1,0,0.08666735,0
1,28,1,1,1,170.95604,-297.73276,427.81738,-0.0051401705,0.0012785268,-0.0024717834,4.8762155,4.924722,2,16,1,0.88918805,1
1,9,1,1,1,179.05606,232.29958,293.97552,-0.015095666,0.0069776224,-0.0029920067,10.2733555,10.385278,2,17,1,0.9555022,1
1,15,0,0,0,0.0,0.0,0.0,0.0,0.0,0.0,2.158778,2.2113888,2,-1,0,0.07616236,0
1,11,0,0,0,0.0,0.0,0.0,0.0,0.0,0.0,2.8926666,2.8677778,2,-1,0,0.08434382,0
1,11,0,0,0,0.0,0.0,0.0,0.0,0.0,0.0,2.3841808,2.4075,2,-1,0,0.17661679,0
1,1,0,0,0,0.0,0.0,0.0,0.0,0.0,0.0,2.1715696,2.1388888,2,-1,0,0.067208976,0
1,32,0,0,0,0.0,0.0,0.0,0.0,0.0,0.0,2.0860207,2.0280557,2,-1,0,0.072506696,0
1,28,0,0,0,0.0,0.0,0.0,0.0,0.0,0.0,2.3069444,2.3072221,2,-1,0,0.056760293,0
1,36,1,1,1,-188.76369,-97.29512,26.589909,-0.0024491127,0.00016370865,-0.0011854094,2.4075625,2.3291667,2,-1,1,0.17011686,0
1,23,0,0,0,0.0,0.0,0.0,0.0,0.0,0.0,2.541104,2.5408332,2,-1,0,0.09056632,0
1,32,0,0,0,0.0,0.0,0.0,0.0,0.0,0.0,2.283125,2.2580554,2,-1,0,0.14796123,0
1,38,0,0,0,0.0,0.0,0.0,0.0,0.0,0.0,2.2624168,2.2266667,2,-1,0,0.07623005,0
1,34,0,0,0,0.0,0.0,0.0,0.0,0.0,0.0,2.3015692,2.2538888,2,-1,0,0.20760699,0
1,31,0,0,0,0.0,0.0,0.0,0.0,0.0,0.0,2.5827363,2.6608334,2,-1,0,0.19964084,0
1,37,1,1,1,-209.9916,-477.88315,349.45877,-0.013213101,0.011305555,-0.0050939946,14.58616,14.431111,2,18,1,0.9666275,1
1,36,0,0,0,0.0,0.0,0.0,0.0,0.0,0.0,1.9432986,1.9333333,2,-1,0,0.09147931,0
1,23,1,1,1,-218.6545,385.0636,139.18341,-0.010829343,0.0053830147,-0.004441143,10.457674,10.6075,2,19,1,0.9850374,1
1,32,0,0,0,0.0,0.0,0.0,0.0,0.0,0.0,2.009861,2.0197222,2,-1,0,0.1324703,0
1,18,0,0,0,0.0,0.0,0.0,0.0,0.0,0.0,2.409382,2.3408334,2,-1,0,0.106088795,0
1,22,1,1,1,-227.4993,-550.1218,86.09535,-0.01562162,0.010232657,-0.006728782,17.621897,17.626112,2,20,1,0.9981369,1
1,30,0,0,0,0.0,0.0,0.0,0.0,0.0,0.0,2.4191804,2.483611,2,-1,0,0.14099139,0
1,12,1,1,1,-234.75618,175.0573,150.13853,-0.010126351,0.0063068727,-0.0010225816,10.595639,10.616667,2,21,1,0.9849266,1
1,19,1,1,1,-238.69397,-76.05352,278.75687,-0.012137988,0.008788666,-0.0021003769,12.17302,12.069167,2,22,1,0.9557504,1
1,5,1,1,1,253.04747,-499.46527,335.42184,-0.0035644807,0.0018944171,0.0008201448,3.9932704,3.9197223,2,23,1,0.9830293,1
1,22,0,0,0,0.0,0.0,0.0,0.0,0.0,0.0,2.1942985,2.1305556,2,-1,0,0.12178249,0
1,29,0,0,0,0.0,0.0,0.0,0.0,0.0,0.0,2.2357569,2.2358334,2,-1,0,0.09264336,0
1,6,0,0,0,0.0,0.0,0.0,0.0,0.0,0.0,2.6797779,2.7055554,2,-1,0,0.09136787,0
1,19,1,0,1,-238.69397,-76.05352,278.75687,-0.012137988,0.008788666,-0.0021003769,2.59025,2.6733334,2,-1,0,0.49615526,0
1,21,0,0,0,0.0,0.0,0.0,0.0,0.0,0.0,2.0636876,2.0775,2,-1,0,0.08275348,0
1,39,0,0,0,0.0,0.0,0.0,0.0,0.0,0.0,2.6116667,2.6288888,2,-1,0,0.06698401,0
1,2,0,0,0,0.0,0.0,0.0,0.0,0.0,0.0,1.9923542,2.0988889,2,-1,0,0.11845424,0
1,40,1,1,1,-260.96664,-548.18536,255.04391,-0.016170487,0.0097649535,-0.004338236,17.68286,17.642778,2,24,1,0.99983203,1
1,15,0,0,0,0.0,0.0,0.0,0.0,0.0,0.0,2.174875,2.13,2,-1,0,0.109498955,0
1,38,0,0,0,0.0,0.0,0.0,0.0,0.0,0.0,2.1834445,2.1994445,2,-1,0,0.09917005,0
1,38,1,1,1,271.57156,275.5198,360.00018,-0.013624011,0.0074232453,-0.00627399,17.387583,17.376944,2,25,1,0.9989371,1
1,27,1,1,1,-272.04303,258.25607,110.407265,-0.0058990787,0.0030549334,0.0005350409,6.5225353,6.611111,2,26,1,0.99013305,1
1,7,0,0,0,0.0,0.0,0.0,0.0,0.0,0.0,2.136653,2.173889,2,-1,0,0.07871549,0
1,27,0,0,0,0.0,0.0,0.0,0.0,0.0,0.0,2.0981736,2.1508334,2,-1,0,0.10879174,0
1,24,1,1,1,-274.50494,302.64432,247.78056,-0.0037753268,0.0006048295,-9.524919e-05,3.208604,3.251111,2,27,1,0.8937894,1
1,20,0,0,0,0.0,0.0,0.0,0.0,0.0,0.0,2.3650072,2.263611,2,-1,0,0.09164455,0
1,24,0,0,0,0.0,0.0,0.0,0.0,0.0,0.0,2.1646805,2.2194445,2,-1,0,0.12623844,0
1,20,0,0,0,0.0,0.0,0.0,0.0,0.0,0.0,2.1752849,2.158611,2,-1,0,0.10437224,0
1,26,1,1,1,280.23285,200.07428,229.74182,-0.0026478095,0.0021179267,0.0007365243,3.130528,3.0869443,2,28,1,0.7450941,1
1,39,0,0,0,0.0,0.0,0.0,0.0,0.0,0.0,2.1039374,2.1108334,2,-1,0,0.060062807,0
1,39,0,0,0,0.0,0.0,0.0,0.0,0.0,0.0,2.4763124,2.5308332,2,-1,0,0.07700999,0
1,40,0,0,0,0.0,0.0,0.0,0.0,0.0,0.0,2.125993,-1.0,2,-1,0,0.14537996,0
1,40,0,0,0,0.0,0.0,0.0,0.0,0.0,0.0,2.7265277,2.646111,2,-1,0,0.240273,0
1,15,0,0,0,0.0,0.0,0.0,0.0,0.0,0.0,2.1085835,2.05,2,-1,0,0.05385404,0
1,3,0,0,0,0.0,0.0,0.0,0.0,0.0,0.0,2.2945278,2.156111,2,-1,0,0.049095027,0
1,3,0,0,0,0.0,0.0,0.0,0.0,0.0,0.0,2.338993,2.3391666,2,-1,0,0.11820495,0
1,13,0,0,0,0.0,0.0,0.0,0.0,0.0,0.0,2.338854,2.3566666,2,-1,0,0.111672774,0
1,35,1,1,1,-299.54425,-553.3588,200.74565,-0.014265975,0.008558826,-0.0020222499,11.2294035,11.213333,2,29,1,0.9713787,1
1,35,1,0,1,-299.54425,-553.3588,200.74565,-0.014265975,0.008558826,-0.0020222499,3.4596946,3.4819446,2,-1,0,0.44732124,0
1,34,0,0,0,0.0,0.0,0.0,0.0,0.0,0.0,2.3014374,2.2633333,2,-1,0,0.10115763,0
1,20,0,0,0,0.0,0.0,0.0,0.0,0.0,0.0,2.6290002,2.6258333,2,-1,0,0.15645678,0
1,29,0,0,0,0.0,0.0,0.0,0.0,0.0,0.0,2.1858056,2.2252777,2,-1,0,0.09251897,0
1,15,0,0,0,0.0,0.0,0.0,0.0,0.0,0.0,2.2251875,2.2869444,2,-1,0,0.1827232,0
1,27,0,0,0,0.0,0.0,0.0,0.0,0.0,0.0,2.134625,2.1477778,2,-1,0,0.12898894,0
1,8,1,1,1,320.5015,-237.81674,92.4072,-0.0071787345,0.0067488328,-0.0036394703,6.1778536,6.185,2,30,1,0.99980026,1
1,14,0,0,0,0.0,0.0,0.0,0.0,0.0,0.0,2.0830348,1.6641667,2,-1,0,0.21533634,0
1,25,0,0,0,0.0,0.0,0.0,0.0,0.0,0.0,2.3875346,2.4016666,2,-1,0,0.25222358,0
1,15,0,0,0,0.0,0.0,0.0,0.0,0.0,0.0,2.443111,2.4702778,2,-1,0,0.3553418,0
1,14,0,0,0,0.0,0.0,0.0,0.0,0.0,0.0,2.3638818,2.361389,2,-1,0,0.060079835,0
1,4,1,0,1,-331.48798,317.62964,338.04572,-0.014039679,0.009870822,-0.0023466388,7.561341,7.5905557,2,-1,0,0.9888073,1
1,30,0,0,0,0.0,0.0,0.0,0.0,0.0,0.0,2.5314028,2.6075,2,-1,0,0.04271555,0
1,36,0,0,0,0.0,0.0,0.0,0.0,0.0,0.0,2.3764584,2.3944445,2,-1,0,0.0913692,0
1,36,0,0,0,0.0,0.0,0.0,0.0,0.0,0.0,2.114118,2.1258333,2,-1,0,0.0845205,0
1,4,1,1,1,-331.48798,317.62964,338.04572,-0.014039679,0.009870822,-0.0023466388,7.7324376,7.8072224,2,31,1,0.9853467,1
1,10,0,0,0,0.0,0.0,0.0,0.0,0.0,0.0,2.3525832,2.4266667,2,-1,0,0.11786841,0
1,15,0,0,0,0.0,0.0,0.0,0.0,0.0,0.0,2.3923957,2.3366666,2,-1,0,0.10518064,0
1,34,1,1,1,-353.67395,53.545086,18.678288,-0.004623741,0.004786873,-0.0021401867,5.8058743,5.7705555,2,32,1,0.9570672,1
1,26,0,0,0,0.0,0.0,0.0,0.0,0.0,0.0,2.2679167,2.2580554,2,-1,0,0.092499375,0
1,19,0,0,0,0.0,0.0,0.0,0.0,0.0,0.0,2.5452013,2.583611,2,-1,0,0.15520439,0
1,6,0,0,0,0.0,0.0,0.0,0.0,0.0,0.0,2.5210555,2.591389,2,-1,0,0.3160599,0
1,30,0,0,0,0.0,0.0,0.0,0.0,0.0,0.0,2.0703197,2.1627777,2,-1,0,0.04975955,0
1,6,0,0,0,0.0,0.0,0.0,0.0,0.0,0.0,2.1638126,2.0719445,2,-1,0,0.06895495,0
1,35,0,0,0,0.0,0.0,0.0,0.0,0.0,0.0,2.4084303,2.4666667,2,-1,0,0.095902584,0
1,36,0,0,0,0.0,0.0,0.0,0.0,0.0,0.0,2.4216251,2.3372223,2,-1,0,0.10745341,0
1,9,0,0,0,0.0,0.0,0.0,0.0,0.0,0.0,2.053111,2.0158334,2,-1,0,0.09979762,0
1,32,0,0,0,0.0,0.0,0.0,0.0,0.0,0.0,2.0578818,2.083889,2,-1,0,0.13047987,0
1,3,0,0,0,0.0,0.0,0.0,0.0,0.0,0.0,1.9988542,2.0438888,2,-1,0,0.118772686,0
1,30,0,0,0,0.0,0.0,0.0,0.0,0.0,0.0,2.0959861,2.103889,2,-1,0,0.07872921,0
1,39,0,0,0,0.0,0.0,0.0,0.0,0.0,0.0,2.2619028,2.253611,2,-1,0,0.12065552,0
1,3,0,0,0,0.0,0.0,0.0,0.0,0.0,0.0,2.0497084,2.1330554,2,-1,0,0.17218132,0
1,1,0,0,0,0.0,0.0,0.0,0.0,0.0,0.0,2.1869097,2.1897223,2,-1,0,0.07331268,0
1,6,0,0,0,0.0,0.0,0.0,0.0,0.0,0.0,2.5489655,2.5152779,2,-1,0,0.07427188,0
1,9,0,0,0,0.0,0.0,0.0,0.0,0.0,0.0,2.4641736,2.3983333,2,-1,0,0.09407193,0
1,34,0,0,0,0.0,0.0,0.0,0.0,0.0,0.0,2.207632,2.2044444,2,-1,0,0.10037322,0
1,7,0,0,0,0.0,0.0,0.0,0.0,0.0,0.0,2.068986,2.0969443,2,-1,0,0.09610603,0
1,40,0,0,0,0.0,0.0,0.0,0.0,0.0,0.0,2.064764,2.1805556,2,-1,0,0.09578176,0
1,33,0,0,0,0.0,0.0,0.0,0.0,0.0,0.0,2.2664306,2.2094445,2,-1,0,0.1076737,0
1,17,0,0,0,0.0,0.0,0.0,0.0,0.0,0.0,2.2189722,2.1994445,2,-1,0,0.16963121,0
1,34,0,0,0,0.0,0.0,0.0,0.0,0.0,0.0,2.1779444,2.1280556,2,-1,0,0.071279295,0
1,4,0,0,0,0.0,0.0,0.0,0.0,0.0,0.0,2.0568056,2.0972223,2,-1,0,0.14002839,0
1,31,0,0,0,0.0,0.0,0.0,0.0,0.0,0.0,2.2046876,2.2361112,2,-1,0,0.07011217,0
1,6,0,0,0,0.0,0.0,0.0,0.0,0.0,0.0,1.9770486,2.057778,2,-1,0,0.11539605,0
2,1,0,0,0,0.0,0.0,0.0,0.0,0.0,0.0,2.5998957,2.4955556,2,-1,0,0.12930967,0
2,12,0,0,0,0.0,0.0,0.0,0.0,0.0,0.0,2.544611,2.4833333,2,-1,0,0.110297784,0
2,21,0,0,0,0.0,0.0,0.0,0.0,0.0,0.0,2.6595554,2.733611,2,-1,0,0.15026897,0
2,16,0,0,0,0.0,0.0,0.0,0.0,0.0,0.0,1.9787916,2.016389,2,-1,0,0.088138066,0
2,10,0,0,0,0.0,0.0,0.0,0.0,0.0,0.0,2.1505833,2.1452777,2,-1,0,0.055665467,0
2,19,1,1,1,-19.889156,-387.1669,444.60916,-0.0027658648,0.002813528,-0.0025546802,4.20175,4.033889,2,0,1,0.9734787,1
2,32,1,1,1,-21.664808,-350.4009,313.09262,-0.0035723853,0.0016754828,5.479363e-05,3.604618,3.5908334,2,1,1,0.77553934,1
2,8,1,1,1,-22.932474,452.34155,179.67787,-0.015175149,0.0073852045,-0.00589466,21.19619,21.308056,2,2,1,0.98258036,1
2,25,0,0,0,0.0,0.0,0.0,0.0,0.0,0.0,2.4511597,2.4377778,2,-1,0,0.25158757,0
2,35,1,1,1,-29.532497,584.195,224.35062,-0.016693203,0.0134231085,-0.007635622,18.188951,17.945833,2,3,1,0.9716043,1
2,24,0,0,0,0.0,0.0,0.0,0.0,0.0,0.0,1.9543542,2.0033333,2,-1,0,0.062442563,0
2,20,0,0,0,0.0,0.0,0.0,0.0,0.0,0.0,2.2605693,2.2447221,2,-1,0,0.061680607,0
2,35,1,0,1,-29.532497,584.195,224.35062,-0.016693203,0.0134231085,-0.007635622,2.0849445,2.1433334,2,-1,0,0.05796404,0
2,33,0,0,0,0.0,0.0,0.0,0.0,0.0,0.0,2.641861,2.5711112,2,-1,0,0.11564473,0
2,31,0,0,0,0.0,0.0,0.0,0.0,0.0,0.0,2.3475626,2.271389,2,-1,0,0.1014666,0
2,38,0,0,0,0.0,0.0,0.0,0.0,0.0,0.0,2.271618,2.2677777,2,-1,0,0.10652763,0
2,30,1,1,1,-43.790462,-30.017063,278.44025,-0.010711698,0.0067984303,-0.0014983192,15.017827,15.241389,2,4,1,0.9568611,1
2,40,0,0,0,0.0,0.0,0.0,0.0,0.0,0.0,2.041889,2.0152779,2,-1,0,0.1126382,0
2,23,1,1,1,55.0204,-598.5312,433.69534,-0.006490562,0.0019795052,-0.00027921505,6.9122705,6.8072224,2,5,1,0.991876,1
2,15,0,0,0,0.0,0.0,0.0,0.0,0.0,0.0,2.2691944,2.1975,2,-1,0,0.06907861,0
2,2,0,0,0,0.0,0.0,0.0,0.0,0.0,0.0,2.4424794,2.5908334,2,-1,0,0.08138057,0
2,33,0,0,0,0.0,0.0,0.0,0.0,0.0,0.0,2.5680835,2.5719445,2,-1,0,0.13491039,0
2,29,1,1,1,64.235115,134.27438,436.6478,-0.011303758,0.007825989,-0.0054384097,17.55291,17.6525,2,6,1,0.9953205,1
2,15,0,0,0,0.0,0.0,0.0,0.0,0.0,0.0,1.963361,2.0558333,2,-1,0,0.10032362,0
2,10,0,0,0,0.0,0.0,0.0,0.0,0.0,0.0,2.747986,2.6783333,2,-1,0,0.07309818,0
2,39,1,0,1,76.2813,-372.94128,191.34769,-0.018995028,0.011253144,-0.0037233876,7.896639,7.6583333,2,-1,0,0.9248085,1
2,23,0,0,0,0.0,0.0,0.0,0.0,0.0,0.0,2.0683334,2.1277778,2,-1,0,0.12177636,0
2,39,1,1,1,76.2813,-372.94128,191.34769,-0.018995028,0.011253144,-0.0037233876,17.31656,17.085,2,7,1,0.966561,1
2,25,0,0,0,0.0,0.0,0.0,0.0,0.0,0.0,2.386104,2.4627779,2,-1,0,0.13434984,0
2,3,0,0,0,0.0,0.0,0.0,0.0,0.0,0.0,2.1644862,2.1622221,2,-1,0,0.11157347,0
2,35,0,0,0,0.0,0.0,0.0,0.0,0.0,0.0,1.9753333,2.0080554,2,-1,0,0.053976968,0
2,15,1,1,1,83.977615,-238.11528,134.89151,-0.011304147,0.004860379,-0.004590684,15.768077,15.550278,2,8,1,0.991469,1
2,15,0,0,0,0.0,0.0,0.0,0.0,0.0,0.0,2.1024237,2.1369445,2,-1,0,0.10366944,0
2,1,0,0,0,0.0,0.0,0.0,0.0,0.0,0.0,2.3064444,2.3391666,2,-1,0,0.2469202,0
2,17,0,0,0,0.0,0.0,0.0,0.0,0.0,0.0,2.134375,2.106111,2,-1,0,0.09970576,0
2,24,0,0,0,0.0,0.0,0.0,0.0,0.0,0.0,2.215396,2.216389,2,-1,0,0.111854546,0
2,38,0,0,0,0.0,0.0,0.0,0.0,0.0,0.0,2.276396,2.251111,2,-1,0,0.0641801,0
2,30,0,0,0,0.0,0.0,0.0,0.0,0.0,0.0,2.323361,2.3722222,2,-1,0,0.09535747,0
2,25,1,1,1,100.70072,-111.63153,125.531975,-0.015490234,0.0074176537,-0.0030471443,19.437153,19.340555,2,9,1,0.95332676,1
2,7,0,0,0,0.0,0.0,0.0,0.0,0.0,0.0,2.3652084,2.4094443,2,-1,0,0.16851088,0
2,37,1,1,1,108.8381,-305.29694,35.556458,-0.023140699,0.011630363,-0.007892877,31.659016,31.439722,2,10,1,0.99931836,1
2,17,0,0,0,0.0,0.0,0.0,0.0,0.0,0.0,2.008,2.0763888,2,-1,0,0.06804045,0
2,7,0,0,0,0.0,0.0,0.0,0.0,0.0,0.0,2.0735834,2.0330555,2,-1,0,0.09980332,0
2,11,0,0,0,0.0,0.0,0.0,0.0,0.0,0.0,2.1713333,2.1872222,2,-1,0,0.045194887,0
2,8,0,0,0,0.0,0.0,0.0,0.0,0.0,0.0,2.2707777,2.2619445,2,-1,0,0.120959625,0
2,12,0,0,0,0.0,0.0,0.0,0.0,0.0,0.0,2.3155417,2.3916667,2,-1,0,0.13201283,0
2,15,0,0,0,0.0,0.0,0.0,0.0,0.0,0.0,2.1958196,2.2213888,2,-1,0,0.11126455,0
2,3,1,1,1,127.02298,-100.18625,401.70337,-0.018149266,0.01124323,-0.007962038,26.122353,26.1975,2,11,1,0.99356633,1
2,28,0,0,0,0.0,0.0,0.0,0.0,0.0,0.0,2.3397639,2.2691667,2,-1,0,0.09495009,0
2,10,0,0,0,0.0,0.0,0.0,0.0,0.0,0.0,2.4896252,2.5719445,2,-1,0,0.047880046,0
2,18,0,0,0,0.0,0.0,0.0,0.0,0.0,0.0,2.1261945,2.1861112,2,-1,0,0.078216,0
2,17,0,0,0,0.0,0.0,0.0,0.0,0.0,0.0,2.1093888,2.1594443,2,-1,0,0.099873975,0
2,2,1,1,1,139.57364,-198.45105,65.9661,-0.004578261,0.003830308,7.171126e-05,6.655646,6.5936112,2,12,1,0.975154,1
2,40,1,1,1,141.48549,-46.833317,439.8607,-0.008546506,0.002970853,-0.003471742,10.637875,10.682222,2,13,1,0.97316736,1
2,18,1,1,1,141.99965,211.58734,319.76282,-0.0070319856,0.0054627857,-0.0023303956,9.686973,9.632222,2,14,1,0.96622187,1
2,8,0,0,0,0.0,0.0,0.0,0.0,0.0,0.0,2.5494516,2.5377777,2,-1,0,0.35490727,0
2,7,0,0,0,0.0,0.0,0.0,0.0,0.0,0.0,2.3885348,2.4105556,2,-1,0,0.10343225,0
2,36,0,0,0,0.0,0.0,0.0,0.0,0.0,0.0,2.3237777,2.3055556,2,-1,0,0.067406006,0
2,9,0,0,0,0.0,0.0,0.0,0.0,0.0,0.0,2.2831526,2.403889,2,-1,0,0.14868848,0
2,14,0,0,0,0.0,0.0,0.0,0.0,0.0,0.0,2.743611,2.8216667,2,-1,0,0.048640285,0
2,4,0,0,0,0.0,0.0,0.0,0.0,0.0,0.0,2.8125072,2.7925,2,-1,0,0.5634414,1
2,36,0,0,0,0.0,0.0,0.0,0.0,0.0,0.0,2.1815417,2.1322222,2,-1,0,0.098080084,0
2,40,0,0,0,0.0,0.0,0.0,0.0,0.0,0.0,2.5979373,2.5377777,2,-1,0,0.5638696,1
2,2,0,0,0,0.0,0.0,0.0,0.0,0.0,0.0,2.196889,2.171111,2,-1,0,0.11457001,0
2,14,0,0,0,0.0,0.0,0.0,0.0,0.0,0.0,2.3727293,2.3875,2,-1,0,0.031039808,0
2,1,0,0,0,0.0,0.0,0.0,0.0,0.0,0.0,2.9079652,2.8966668,2,-1,0,0.19297664,0
2,19,0,0,0,0.0,0.0,0.0,0.0,0.0,0.0,2.2237222,2.1602778,2,-1,0,0.124322735,0
2,5,1,1,1,182.41136,-546.3773,378.63007,-0.017201878,0.011487502,-0.0023927977,19.438911,19.199444,2,15,1,0.99851364,1
2,9,0,0,0,0.0,0.0,0.0,0.0,0.0,0.0,2.188278,2.2925,2,-1,0,0.13546939,0
2,25,0,0,0,0.0,0.0,0.0,0.0,0.0,0.0,2.3978612,2.4194446,2,-1,0,0.19567579,0
2,22,0,0,0,0.0,0.0,0.0,0.0,0.0,0.0,2.3973958,2.4055555,2,-1,0,0.2096949,0
2,34,1,1,1,185.84882,227.82271,303.2183,-0.0046846303,0.0039617317,-0.0037203704,7.6579514,7.6091666,2,16,1,0.97699976,1
2,7,1,1,1,-184.67813,-347.01685,255.79953,-0.018554587,0.0120228175,-0.0043631666,14.572417,14.592222,2,17,1,0.9751648,1
2,28,0,0,0,0.0,0.0,0.0,0.0,0.0,0.0,2.0390208,2.0205555,2,-1,0,0.064683385,0
2,40,0,0,0,0.0,0.0,0.0,0.0,0.0,0.0,2.2826457,2.3488889,2,-1,0,0.15643032,0
2,12,1,1,1,192.02057,558.23096,1.0261109,-0.0062891096,0.0026077407,-0.0034344073,2.688514,2.745,2,-1,1,0.21519843,0
2,7,1,0,1,-184.67813,-347.01685,255.79953,-0.018554587,0.0120228175,-0.0043631666,6.448896,6.4419446,2,-1,0,0.9585918,1
2,31,1,1,1,-193.05234,-465.95804,229.51053,-0.012406039,0.0066475593,-0.0031394365,15.267166,15.258333,2,18,1,0.94910395,1
2,21,0,0,0,0.0,0.0,0.0,0.0,0.0,0.0,2.1135833,2.1497223,2,-1,0,0.08756411,0
2,14,1,1,1,-200.41064,-22.677578,373.1306,-0.0040560733,0.0020851274,-0.0027728742,5.240521,5.3055553,2,19,1,0.972934,1
2,7,0,0,0,0.0,0.0,0.0,0.0,0.0,0.0,2.5135417,2.4961112,2,-1,0,0.072210364,0
2,33,1,0,1,241.39339,14.765117,424.2098,-0.019808045,0.013051434,-0.0063314755,2.4909375,2.4883332,2,-1,0,0.12281321,0
2,1,0,0,0,0.0,0.0,0.0,0.0,0.0,0.0,2.3808403,2.3988888,2,-1,0,0.090636514,0
2,10,1,1,1,210.38634,66.456825,297.319,-0.0031295808,0.0036813575,-0.0018333717,5.134264,5.0736113,2,20,1,0.9661116,1
2,15,0,0,0,0.0,0.0,0.0,0.0,0.0,0.0,2.2751112,2.2375,2,-1,0,0.060321193,0
2,6,0,0,0,0.0,0.0,0.0,0.0,0.0,0.0,2.1729999,2.2397223,2,-1,0,0.07433746,0
2,6,0,0,0,0.0,0.0,0.0,0.0,0.0,0.0,2.207521,2.1105556,2,-1,0,0.10245045,0
2,11,1,1,1,-228.55537,-229.00009,122.658134,-0.02264266,0.012491875,-0.008212552,27.305838,27.486944,2,-1,1,0.9718658,1
2,21,0,0,0,0.0,0.0,0.0,0.0,0.0,0.0,2.792521,2.8605556,2,-1,0,0.09465656,0
2,11,0,0,0,0.0,0.0,0.0,0.0,0.0,0.0,2.0298958,2.0630555,2,-1,0,0.09854679,0
2,33,1,1,1,241.39339,14.765117,424.2098,-0.019808045,0.013051434,-0.0063314755,21.994005,21.98889,2,21,1,0.99963725,1
2,22,1,1,1,234.62865,-164.7702,428.0806,-0.0013818657,0.002701497,-0.0010621784,2.8892708,2.9283333,2,22,1,0.25652716,0
2,1,1,1,1,-237.64507,-527.1128,454.80457,-0.019674527,0.009625675,-0.0043608123,19.33284,19.393055,2,23,1,0.99816716,1
2,21,1,1,1,-240.47711,578.5695,425.14886,-0.0046172244,0.0038673053,0.0003794999,5.7955832,5.8594446,2,24,1,0.9823251,1
2,38,0,0,0,0.0,0.0,0.0,0.0,0.0,0.0,2.4058752,2.4,2,-1,0,0.22487776,0
2,27,1,1,1,-244.40396,-464.46753,191.61218,-0.011332928,0.0061418233,-0.004346172,14.226847,14.242778,2,25,1,0.86398834,1
2,14,0,0,0,0.0,0.0,0.0,0.0,0.0,0.0,2.2520833,2.2675,2,-1,0,0.09563675,0
2,27,0,0,0,0.0,0.0,0.0,0.0,0.0,0.0,2.3250277,2.3180556,2,-1,0,0.11538495,0
2,3,0,0,0,0.0,0.0,0.0,0.0,0.0,0.0,2.3627224,2.3955555,2,-1,0,0.09894527,0
2,36,1,1,1,271.1056,-151.56013,246.35,-0.025105603,0.013505823,-0.007443602,28.940521,28.825277,2,26,1,0.967995,1
2,31,0,0,0,0.0,0.0,0.0,0.0,0.0,0.0,2.1767292,2.2130556,2,-1,0,0.048941344,0
2,18,0,0,0,0.0,0.0,0.0,0.0,0.0,0.0,2.803111,2.8033333,2,-1,0,0.31306535,0
2,23,0,0,0,0.0,0.0,0.0,0.0,0.0,0.0,2.1194444,2.1736112,2,-1,0,0.0554724,0
2,28,1,1,1,-267.24243,-345.20035,148.64714,-0.02664756,0.015442361,-0.011290861,30.346897,30.324167,2,27,1,0.99621433,1
2,38,0,0,0,0.0,0.0,0.0,0.0,0.0,0.0,2.1546319,2.143889,2,-1,0,0.08384843,0
2,9,0,0,0,0.0,0.0,0.0,0.0,0.0,0.0,2.1410418,2.1772223,2,-1,0,0.126594,0
2,28,0,0,0,0.0,0.0,0.0,0.0,0.0,0.0,2.132354,2.1961112,2,-1,0,0.10839044,0
2,33,0,0,0,0.0,0.0,0.0,0.0,0.0,0.0,2.4334583,2.425,2,-1,0,0.12547328,0
2,33,0,0,0,0.0,0.0,0.0,0.0,0.0,0.0,2.2361388,2.1608334,2,-1,0,0.13087474,0
2,27,0,0,0,0.0,0.0,0.0,0.0,0.0,0.0,2.1629446,2.1141667,2,-1,0,0.053673778,0
2,24,0,0,0,0.0,0.0,0.0,0.0,0.0,0.0,2.4704168,2.3983333,2,-1,0,0.16633797,0
2,8,0,0,0,0.0,0.0,0.0,0.0,0.0,0.0,2.1850834,2.1627777,2,-1,0,0.0747627,0
2,38,1,1,1,289.56415,66.85075,167.80667,-0.014539004,0.008849198,-0.0028503987,18.219463,18.289444,2,28,1,0.9998087,1
2,5,0,0,0,0.0,0.0,0.0,0.0,0.0,0.0,2.841222,2.8625,2,-1,0,0.40201092,0
2,32,0,0,0,0.0,0.0,0.0,0.0,0.0,0.0,2.3162708,2.2505555,2,-1,0,0.18815531,0
2,6,0,0,0,0.0,0.0,0.0,0.0,0.0,0.0,2.593125,2.5544446,2,-1,0,0.4599529,0
2,14,0,0,0,0.0,0.0,0.0,0.0,0.0,0.0,2.0639446,2.1225,2,-1,0,0.08252411,0
2,27,0,0,0,0.0,0.0,0.0,0.0,0.0,0.0,2.4095278,2.4261112,2,-1,0,0.06956925,0
2,6,1,1,1,319.42044,260.93304,265.38397,-0.011584579,0.0063358424,-0.005047653,14.46761,14.514722,2,29,1,0.98012537,1
2,20,1,1,1,-317.11395,-273.5145,318.09644,-0.0013060792,0.0022217205,4.9038365e-05,2.0600903,2.01,2,-1,1,0.08967643,0
2,30,0,0,0,0.0,0.0,0.0,0.0,0.0,0.0,2.5001943,2.5119445,2,-1,0,0.15351717,0
2,39,0,0,0,0.0,0.0,0.0,0.0,0.0,0.0,2.1165833,2.1033332,2,-1,0,0.13238409,0
2,16,0,0,0,0.0,0.0,0.0,0.0,0.0,0.0,2.2568057,2.3233333,2,-1,0,0.099095285,0
2,31,0,0,0,0.0,0.0,0.0,0.0,0.0,0.0,2.145,2.185,2,-1,0,0.121502735,0
2,7,0,0,0,0.0,0.0,0.0,0.0,0.0,0.0,3.0110834,0.1886111,2,-1,0,0.0033190728,0
2,36,0,0,0,0.0,0.0,0.0,0.0,0.0,0.0,2.2151735,2.2519445,2,-1,0,0.1644743,0
2,11,0,0,0,0.0,0.0,0.0,0.0,0.0,0.0,2.1959794,2.173889,2,-1,0,0.1323864,0
2,14,0,0,0,0.0,0.0,0.0,0.0,0.0,0.0,2.3044026,2.281111,2,-1,0,0.0950861,0
2,19,0,0,0,0.0,0.0,0.0,0.0,0.0,0.0,2.3141668,2.3130555,2,-1,0,0.10688943,0
2,1,0,0,0,0.0,0.0,0.0,0.0,0.0,0.0,2.3739722,2.3144445,2,-1,0,0.106812514,0
2,29,0,0,0,0.0,0.0,0.0,0.0,0.0,0.0,2.1219585,2.1233332,2,-1,0,0.08903965,0
2,37,0,0,0,0.0,0.0,0.0,0.0,0.0,0.0,2.3880138,2.3930554,2,-1,0,0.5767205,1
2,35,0,0,0,0.0,0.0,0.0,0.0,0.0,0.0,2.0603542,2.0744445,2,-1,0,0.07272124,0
2,1,0,0,0,0.0,0.0,0.0,0.0,0.0,0.0,2.088889,2.1577778,2,-1,0,0.11004881,0
2,4,0,0,0,0.0,0.0,0.0,0.0,0.0,0.0,2.2930694,2.3633332,2,-1,0,0.06139789,0
2,2,0,0,0,0.0,0.0,0.0,0.0,0.0,0.0,2.1789305,2.1636112,2,-1,0,0.08403235,0
2,34,0,0,0,0.0,0.0,0.0,0.0,0.0,0.0,2.7410555,2.7391667,2,-1,0,0.08183188,0
2,27,0,0,0,0.0,0.0,0.0,0.0,0.0,0.0,2.0753334,2.066111,2,-1,0,0.08475848,0
2,9,0,0,0,0.0,0.0,0.0,0.0,0.0,0.0,2.6352084,2.5133333,2,-1,0,0.12745965,0
2,2,0,0,0,0.0,0.0,0.0,0.0,0.0,0.0,2.1414583,2.2119443,2,-1,0,0.111942075,0
2,34,0,0,0,0.0,0.0,0.0,0.0,0.0,0.0,2.236625,2.148611,2,-1,0,0.1411753,0
2,6,0,0,0,0.0,0.0,0.0,0.0,0.0,0.0,2.2886457,2.3569446,2,-1,0,0.11805539,0
2,32,0,0,0,0.0,0.0,0.0,0.0,0.0,0.0,1.9219862,2.031389,2,-1,0,0.07927687,0
2,34,0,0,0,0.0,0.0,0.0,0.0,0.0,0.0,2.7111943,2.6305556,2,-1,0,0.15805258,0
2,30,0,0,0,0.0,0.0,0.0,0.0,0.0,0.0,2.6304998,2.685,2,-1,0,0.28581432,0
2,3,0,0,0,0.0,0.0,0.0,0.0,0.0,0.0,2.1934443,2.2430556,2,-1,0,0.17814524,0
2,19,0,0,0,0.0,0.0,0.0,0.0,0.0,0.0,2.6969028,2.6205556,2,-1,0,0.11264697,0
2,2,0,0,0,0.0,0.0,0.0,0.0,0.0,0.0,2.2031944,2.2125,2,-1,0,0.05982518,0
2,27,0,0,0,0.0,0.0,0.0,0.0,0.0,0.0,2.5956526,2.675,2,-1,0,0.17766215,0
2,6,0,0,0,0.0,0.0,0.0,0.0,0.0,0.0,2.4793541,2.4683332,2,-1,0,0.12178962,0
2,33,0,0,0,0.0,0.0,0.0,0.0,0.0,0.0,2.115264,2.0516667,2,-1,0,0.05853059,0
2,37,0,0,0,0.0,0.0,0.0,0.0,0.0,0.0,2.055,2.0091667,2,-1,0,0.07863286,0
2,25,0,0,0,0.0,0.0,0.0,0.0,0.0,0.0,2.4405973,2.4133334,2,-1,0,0.23989472,0
2,22,0,0,0,0.0,0.0,0.0,0.0,0.0,0.0,2.2426527,2.2477777,2,-1,0,0.10415961,0
3,3,1,1,1,7.045585,-493.4534,318.23923,-0.012963741,0.009252161,-0.0041248696,6.3536735,6.158056,2,0,1,0.986121,1
3,4,1,0,1,-6.407485,-442.16312,189.52466,-0.018205648,0.014629257,-0.008140265,10.689486,10.959167,2,-1,0,0.9995629,1
3,34,1,1,1,-8.047911,-362.6713,126.358315,-0.0053927926,0.0031672248,-0.003571673,8.236507,8.368333,2,1,1,0.9174738,1
3,19,0,0,0,0.0,0.0,0.0,0.0,0.0,0.0,2.1543055,2.19,2,-1,0,0.063324615,0
3,4,1,1,1,-6.407485,-442.16312,189.52466,-0.018205648,0.014629257,-0.008140265,12.855792,12.936111,2,2,1,0.99448955,1
3,16,0,0,0,0.0,0.0,0.0,0.0,0.0,0.0,2.1365554,2.1702778,2,-1,0,0.034208387,0
3,4,1,0,1,-6.407485,-442.16312,189.52466,-0.018205648,0.014629257,-0.008140265,3.213639,3.1769445,2,-1,0,0.87000215,1
3,36,0,0,0,0.0,0.0,0.0,0.0,0.0,0.0,2.0625901,2.0222223,2,-1,0,0.07367101,0
3,31,0,0,0,0.0,0.0,0.0,0.0,0.0,0.0,2.4961596,2.4016666,2,-1,0,0.13872719,0
3,18,0,0,0,0.0,0.0,0.0,0.0,0.0,0.0,2.3986666,2.4833333,2,-1,0,0.09267208,0
3,11,1,1,1,-20.716642,-50.538754,421.8003,-0.0142672695,0.008378031,-0.0022064731,9.380702,9.467778,2,3,1,0.9769008,1
3,32,0,0,0,0.0,0.0,0.0,0.0,0.0,0.0,2.494764,2.5294445,2,-1,0,0.07923783,0
3,10,0,0,0,0.0,0.0,0.0,0.0,0.0,0.0,2.6723473,2.6880555,2,-1,0,0.052626323,0
3,15,0,0,0,0.0,0.0,0.0,0.0,0.0,0.0,2.7302084,2.7461112,2,-1,0,0.24505961,0
3,24,0,0,0,0.0,0.0,0.0,0.0,0.0,0.0,2.1382709,2.078889,2,-1,0,0.070233196,0
3,34,0,0,0,0.0,0.0,0.0,0.0,0.0,0.0,2.1447499,2.0869443,2,-1,0,0.08874186,0
3,34,0,0,0,0.0,0.0,0.0,0.0,0.0,0.0,2.2061388,2.1888888,2,-1,0,0.050305523,0
3,25,0,0,0,0.0,0.0,0.0,0.0,0.0,0.0,2.2654166,2.2630556,2,-1,0,0.123152554,0
3,7,0,0,0,0.0,0.0,0.0,0.0,0.0,0.0,2.1529167,2.2041667,2,-1,0,0.0541378,0
3,5,0,0,0,0.0,0.0,0.0,0.0,0.0,0.0,2.1464584,2.0894444,2,-1,0,0.10596756,0
3,37,0,0,0,0.0,0.0,0.0,0.0,0.0,0.0,2.004639,2.0586112,2,-1,0,0.09647002,0
3,20,0,0,0,0.0,0.0,0.0,0.0,0.0,0.0,3.7259376,3.8322222,2,-1,0,0.5792135,1
3,33,0,0,0,0.0,0.0,0.0,0.0,0.0,0.0,2.3880415,2.4455554,2,-1,0,0.08832469,0
3,29,0,0,0,0.0,0.0,0.0,0.0,0.0,0.0,2.1929514,2.2886112,2,-1,0,0.056529697,0
3,9,1,1,1,61.219944,106.75846,151.32172,-0.012729324,0.005521757,-0.0044110604,16.647333,16.778889,2,4,1,0.9787275,1
3,16,0,0,0,0.0,0.0,0.0,0.0,0.0,0.0,2.1377778,2.1258333,2,-1,0,0.14212579,0
3,32,1,1,1,67.55976,8.151045,67.21867,-0.01015074,0.0066604284,-0.0047832807,13.056451,12.8975,2,5,1,0.9908676,1
3,8,0,0,0,0.0,0.0,0.0,0.0,0.0,0.0,2.1203125,2.1180556,2,-1,0,0.105027385,0
3,34,0,0,0,0.0,0.0,0.0,0.0,0.0,0.0,2.4327083,2.5694444,2,-1,0,0.17941566,0
3,21,0,0,0,0.0,0.0,0.0,0.0,0.0,0.0,2.0748541,2.0933332,2,-1,0,0.1023742,0
3,16,0,0,0,0.0,0.0,0.0,0.0,0.0,0.0,1.9740417,2.0347223,2,-1,0,0.097215265,0
3,10,0,0,0,0.0,0.0,0.0,0.0,0.0,0.0,2.7830832,2.7386112,2,-1,0,0.56274223,1
3,40,1,1,1,82.988785,-160.41173,164.51141,-0.004185022,0.0030478695,0.00070537615,5.8079653,5.6675,2,6,1,0.9930797,1
3,11,0,0,0,0.0,0.0,0.0,0.0,0.0,0.0,2.9060278,2.9541667,2,-1,0,0.2496921,0
3,2,1,1,1,-84.5095,523.38385,199.14444,-0.0027294606,0.001158634,0.0005450823,3.2111943,2.9858334,2,7,1,0.60782444,1
3,39,1,1,1,93.29037,-138.07458,367.0047,-0.015629465,0.00672579,-0.002745835,19.511847,19.550556,2,8,1,0.9904903,1
3,21,1,1,1,90.22001,-392.88672,452.25125,-0.0011555047,0.001546659,-0.0017277645,2.462736,2.3519444,2,9,1,0.14101152,0
3,27,1,1,1,-90.516426,-230.45036,319.1082,-0.00466378,0.0013089291,-0.0025486723,5.678056,5.8230557,2,10,1,0.9931961,1
3,29,1,1,1,-91.76224,-297.78662,120.69064,-0.0018266967,0.0005871741,-0.001566067,2.3859792,2.4058332,2,11,1,0.07431273,0
3,1,1,1,1,100.178955,-419.69656,461.59183,-0.013951718,0.008230857,-0.006475526,10.097709,10.133611,2,12,1,0.97784096,1
3,1,1,0,1,100.178955,-419.69656,461.59183,-0.013951718,0.008230857,-0.006475526,8.708208,8.569167,2,-1,0,0.9752246,1
3,15,0,0,0,0.0,0.0,0.0,0.0,0.0,0.0,2.353021,2.3591666,2,-1,0,0.14639509,0
3,29,0,0,0,0.0,0.0,0.0,0.0,0.0,0.0,2.6537914,2.6302779,2,-1,0,0.2172439,0
3,33,0,0,0,0.0,0.0,0.0,0.0,0.0,0.0,2.6243474,2.4680555,2,-1,0,0.19266696,0
3,28,0,0,0,0.0,0.0,0.0,0.0,0.0,0.0,2.1289165,2.1077778,2,-1,0,0.079225875,0
3,32,0,0,0,0.0,0.0,0.0,0.0,0.0,0.0,2.0821042,2.0655556,2,-1,0,0.113178626,0
3,16,0,0,0,0.0,0.0,0.0,0.0,0.0,0.0,2.4155555,2.3972223,2,-1,0,0.08286193,0
3,11,0,0,0,0.0,0.0,0.0,0.0,0.0,0.0,2.2653472,2.2833333,2,-1,0,0.12483862,0
3,8,0,0,0,0.0,0.0,0.0,0.0,0.0,0.0,2.5482638,2.5430555,2,-1,0,0.2211738,0
3,35,1,1,1,-124.96266,121.765594,150.25023,-0.0038984902,0.002626952,-0.0009988196,5.0192156,5.0844445,2,13,1,0.9658518,1
3,8,1,1,1,134.01276,-178.15999,127.18214,-0.009003543,0.0049034636,-0.00264607,12.154424,12.061389,2,14,1,0.9716309,1
3,26,0,0,0,0.0,0.0,0.0,0.0,0.0,0.0,2.20625,2.2194445,2,-1,0,0.18841839,0
3,9,0,0,0,0.0,0.0,0.0,0.0,0.0,0.0,2.431,2.4136112,2,-1,0,0.22577946,0
3,23,1,1,1,139.02371,-131.82529,368.72003,-0.004670326,0.0007100855,-0.0011917792,4.1440697,4.1880555,2,15,1,0.96304595,1
3,37,1,1,1,-139.9637,-6.1970916,238.14015,-0.002535846,0.00093142834,-0.0023007556,3.4924862,3.45,2,16,1,0.9377282,1
3,28,0,0,0,0.0,0.0,0.0,0.0,0.0,0.0,2.2587361,2.3105555,2,-1,0,0.05576983,0
3,1,0,0,0,0.0,0.0,0.0,0.0,0.0,0.0,2.1455,2.1180556,2,-1,0,0.09315373,0
3,28,0,0,0,0.0,0.0,0.0,0.0,0.0,0.0,2.1347222,2.1436112,2,-1,0,0.099025026,0
3,38,1,1,1,-150.02327,363.84464,74.49395,-0.011572391,0.008491617,-0.0066440697,11.830049,11.721666,2,17,1,0.9737257,1
3,31,0,0,0,0.0,0.0,0.0,0.0,0.0,0.0,2.6905346,2.5747223,2,-1,0,0.2257673,0
3,38,1,0,1,-150.02327,363.84464,74.49395,-0.011572391,0.008491617,-0.0066440697,3.689778,3.7480555,2,-1,0,0.96892315,1
3,22,1,0,1,239.66235,-299.49963,332.3455,-0.017227728,0.010287459,-0.004270884,3.5376248,3.5930555,2,-1,0,0.90410274,1
3,30,0,0,0,0.0,0.0,0.0,0.0,0.0,0.0,2.4251459,2.3819444,2,-1,0,0.10807866,0
3,34,0,0,0,0.0,0.0,0.0,0.0,0.0,0.0,2.1580765,2.098611,2,-1,0,0.09200698,0
3,30,1,1,1,-165.21574,-13.416888,205.21622,-0.0075391424,0.0058994824,-0.0028855782,9.39375,9.245277,2,18,1,0.9945826,1
3,31,1,1,1,-166.09604,398.48334,129.21666,-0.0018216615,0.0015127994,0.0006497927,2.0641248,2.116111,2,19,1,0.07136815,0
3,5,0,0,0,0.0,0.0,0.0,0.0,0.0,0.0,2.3475833,2.3675,2,-1,0,0.08647107,0
3,13,0,0,0,0.0,0.0,0.0,0.0,0.0,0.0,2.4017987,2.4116666,2,-1,0,0.10063241,0
3,37,0,0,0,0.0,0.0,0.0,0.0,0.0,0.0,2.289382,2.3266666,2,-1,0,0.040491283,0
3,10,1,1,1,194.59816,219.78026,338.04398,-0.024577064,0.014041989,-0.006080543,23.519922,23.657778,2,20,1,0.99996924,1
3,34,0,0,0,0.0,0.0,0.0,0.0,0.0,0.0,2.163,2.143889,2,-1,0,0.0927778,0
3,30,0,0,0,0.0,0.0,0.0,0.0,0.0,0.0,2.1267083,2.1358333,2,-1,0,0.09873654,0
3,36,0,0,0,0.0,0.0,0.0,0.0,0.0,0.0,2.291611,2.223611,2,-1,0,0.16878062,0
3,25,1,1,1,-195.74057,31.619728,230.31703,-0.014666779,0.01284489,-0.0042208587,10.0,9.959444,2,21,1,0.97379875,1
3,6,0,0,0,0.0,0.0,0.0,0.0,0.0,0.0,2.3836112,2.38,2,-1,0,0.17661208,0
3,6,0,0,0,0.0,0.0,0.0,0.0,0.0,0.0,2.386486,2.3394444,2,-1,0,0.16864166,0
3,23,0,0,0,0.0,0.0,0.0,0.0,0.0,0.0,2.3975694,2.4458334,2,-1,0,0.046110984,0
3,18,0,0,0,0.0,0.0,0.0,0.0,0.0,0.0,2.1233542,2.093611,2,-1,0,0.09784017,0
3,28,1,1,1,-216.27727,178.47255,316.22983,-0.016860705,0.012237076,-0.006841908,23.488775,23.733334,2,22,1,0.98901385,1
3,10,0,0,0,0.0,0.0,0.0,0.0,0.0,0.0,2.6775,2.5402777,2,-1,0,0.111807905,0
3,37,0,0,0,0.0,0.0,0.0,0.0,0.0,0.0,2.4497151,2.5363889,2,-1,0,0.08482903,0
3,36,1,1,1,231.98979,233.05283,180.27792,-0.006501495,0.004118836,0.00048380907,8.134785,8.113334,2,23,1,0.9756575,1
3,32,0,0,0,0.0,0.0,0.0,0.0,0.0,0.0,2.202979,2.1444445,2,-1,0,0.086597286,0
3,22,1,1,1,239.66235,-299.49963,332.3455,-0.017227728,0.010287459,-0.004270884,16.657736,16.619444,2,24,1,0.9816003,1
3,12,1,1,1,-238.16335,-580.77325,275.02808,-0.012224463,0.009390684,-0.0038700863,14.411528,14.366111,2,25,1,0.9972857,1
3,19,0,0,0,0.0,0.0,0.0,0.0,0.0,0.0,2.0152502,2.06,2,-1,0,0.10473194,0
3,36,0,0,0,0.0,0.0,0.0,0.0,0.0,0.0,2.0069582,2.0338888,2,-1,0,0.097679876,0
3,4,0,0,0,0.0,0.0,0.0,0.0,0.0,0.0,2.3959305,2.346111,2,-1,0,0.15982433,0
3,17,0,0,0,0.0,0.0,0.0,0.0,0.0,0.0,2.380528,2.2630556,2,-1,0,0.078927636,0
3,15,1,0,1,-245.29036,340.29626,52.42297,-0.017213749,0.013403929,-0.0063863113,8.096375,8.098889,2,-1,0,0.97734123,1
3,34,0,0,0,0.0,0.0,0.0,0.0,0.0,0.0,2.281389,2.2827778,2,-1,0,0.045416065,0
3,25,0,0,0,0.0,0.0,0.0,0.0,0.0,0.0,2.5742428,2.4677777,2,-1,0,0.10990228,0
3,15,1,1,1,-245.29036,340.29626,52.42297,-0.017213749,0.013403929,-0.0063863113,12.815445,12.727222,2,26,1,0.98355585,1
3,7,1,1,1,-257.4546,83.21315,103.253494,-0.001440045,0.0024690095,-0.00010504885,2.250403,2.2469444,2,27,1,0.12021549,0
3,3,0,0,0,0.0,0.0,0.0,0.0,0.0,0.0,2.3296387,2.2586112,2,-1,0,0.1090321,0
3,38,0,0,0,0.0,0.0,0.0,0.0,0.0,0.0,2.3561387,2.3427777,2,-1,0,0.056592837,0
3,10,0,0,0,0.0,0.0,0.0,0.0,0.0,0.0,2.3253748,2.2275,2,-1,0,0.07691692,0
3,17,0,0,0,0.0,0.0,0.0,0.0,0.0,0.0,2.1015553,2.0522223,2,-1,0,0.111178495,0
3,24,0,0,0,0.0,0.0,0.0,0.0,0.0,0.0,1.9863889,1.9677777,2,-1,0,0.08980694,0
3,14,1,1,1,-265.45584,107.38693,280.48215,-0.02627991,0.016480014,-0.006937756,26.130812,26.264723,2,28,1,0.9950128,1
3,35,0,0,0,0.0,0.0,0.0,0.0,0.0,0.0,2.4685488,2.3969445,2,-1,0,0.09721556,0
3,20,1,1,1,-270.47787,40.97811,107.25915,-0.004914124,0.0033824074,0.00031151745,4.972347,4.9525,2,29,1,0.98697376,1
3,26,0,0,0,0.0,0.0,0.0,0.0,0.0,0.0,2.3707917,2.0919445,2,-1,0,0.039970275,0
3,4,0,0,0,0.0,0.0,0.0,0.0,0.0,0.0,2.0142293,2.0358334,2,-1,0,0.09033027,0
3,5,0,0,0,0.0,0.0,0.0,0.0,0.0,0.0,2.2190416,2.1636112,2,-1,0,0.11177883,0
3,37,0,0,0,0.0,0.0,0.0,0.0,0.0,0.0,2.0161667,2.0244443,2,-1,0,0.1282243,0
3,18,1,1,1,280.99045,291.38278,23.270332,-0.009535176,0.0038850908,-0.0019903164,10.074139,10.063611,2,30,1,0.97501284,1
3,30,0,0,0,0.0,0.0,0.0,0.0,0.0,0.0,2.4342918,2.3305554,2,-1,0,0.10948199,0
3,17,0,0,0,0.0,0.0,0.0,0.0,0.0,0.0,2.1040833,2.1566668,2,-1,0,0.07656302,0
3,14,1,0,1,-265.45584,107.38693,280.48215,-0.02627991,0.016480014,-0.006937756,2.0061944,2.0308332,2,-1,0,0.06575257,0
3,37,0,0,0,0.0,0.0,0.0,0.0,0.0,0.0,2.1489303,2.1558332,2,-1,0,0.0941704,0
3,19,1,1,1,291.37256,-23.716297,437.98615,-0.0038055328,0.0016858832,-0.0027803772,4.7660694,4.691111,2,31,1,0.971867,1
3,6,0,0,0,0.0,0.0,0.0,0.0,0.0,0.0,2.22525,2.2258334,2,-1,0,0.028224899,0
3,6,1,1,1,300.90125,113.02582,275.0585,-0.014740352,0.008098454,-0.006917569,16.050888,16.171112,2,32,1,0.9964665,1
3,24,1,1,1,301.2216,-169.90059,317.38522,-0.010589314,0.004484793,-0.004635185,9.649501,9.657778,2,33,1,0.9999609,1
3,26,1,1,1,304.34976,573.9141,364.99365,-0.019188674,0.009235444,-0.0038152426,17.428354,17.248056,2,34,1,0.99927765,1
3,27,0,0,0,0.0,0.0,0.0,0.0,0.0,0.0,2.2549028,2.2172222,2,-1,0,0.10367744,0
3,13,1,1,1,-309.2747,-555.6654,141.06941,-0.004430251,0.0015937943,0.0005910217,3.2842014,3.3263888,2,35,1,0.74275583,1
3,12,0,0,0,0.0,0.0,0.0,0.0,0.0,0.0,2.3461525,2.4066668,2,-1,0,0.09005188,0
3,37,0,0,0,0.0,0.0,0.0,0.0,0.0,0.0,2.3506668,2.3694444,2,-1,0,0.06312663,0
3,4,0,0,0,0.0,0.0,0.0,0.0,0.0,0.0,2.2336805,2.133889,2,-1,0,0.14136755,0
3,33,0,0,0,0.0,0.0,0.0,0.0,0.0,0.0,2.265222,2.3063889,2,-1,0,0.11093665,0
3,17,1,1,1,-334.1494,444.2471,164.39847,-0.012146256,0.008206457,-0.0055811475,12.800375,12.883333,2,36,1,0.9998274,1
3,6,0,0,0,0.0,0.0,0.0,0.0,0.0,0.0,2.0610557,2.0027778,2,-1,0,0.06240114,0
3,38,0,0,0,0.0,0.0,0.0,0.0,0.0,0.0,2.5243611,2.525,2,-1,0,0.11700436,0
3,14,0,0,0,0.0,0.0,0.0,0.0,0.0,0.0,2.6663053,2.6466668,2,-1,0,0.37528965,0
3,3,0,0,0,0.0,0.0,0.0,0.0,0.0,0.0,2.454236,2.5169444,2,-1,0,0.11308335,0
3,38,0,0,0,0.0,0.0,0.0,0.0,0.0,0.0,2.1000695,2.0922222,2,-1,0,0.09839318,0
3,30,0,0,0,0.0,0.0,0.0,0.0,0.0,0.0,2.7220833,2.7930555,2,-1,0,0.23248604,0
3,8,0,0,0,0.0,0.0,0.0,0.0,0.0,0.0,2.2903333,2.2583334,2,-1,0,0.07015084,0
3,35,0,0,0,0.0,0.0,0.0,0.0,0.0,0.0,2.5894027,2.656111,2,-1,0,0.12729196,0
3,39,0,0,0,0.0,0.0,0.0,0.0,0.0,0.0,2.2382917,2.2727778,2,-1,0,0.08249948,0
3,22,0,0,0,0.0,0.0,0.0,0.0,0.0,0.0,1.9467361,2.0422223,2,-1,0,0.09174176,0
3,5,1,1,1,-359.75522,-150.69553,305.28326,-0.0035719674,0.0005412272,-0.00019496778,2.9070349,2.8941667,2,37,1,0.77214307,1
3,40,0,0,0,0.0,0.0,0.0,0.0,0.0,0.0,2.2269793,2.1869445,2,-1,0,0.13431183,0
3,3,0,0,0,0.0,0.0,0.0,0.0,0.0,0.0,2.0958195,2.0316668,2,-1,0,0.114019364,0
3,8,0,0,0,0.0,0.0,0.0,0.0,0.0,0.0,2.0471666,2.0380557,2,-1,0,0.08527366,0
3,34,0,0,0,0.0,0.0,0.0,0.0,0.0,0.0,2.0239584,2.0833333,2,-1,0,0.07780689,0
3,25,0,0,0,0.0,0.0,0.0,0.0,0.0,0.0,2.4096181,2.4247222,2,-1,0,0.10170235,0
3,28,0,0,0,0.0,0.0,0.0,0.0,0.0,0.0,2.5477083,2.6027777,2,-1,0,0.35392365,0
3,34,0,0,0,0.0,0.0,0.0,0.0,0.0,0.0,2.1191182,2.0680556,2,-1,0,0.11389313,0
3,7,0,0,0,0.0,0.0,0.0,0.0,0.0,0.0,2.2896252,2.2641666,2,-1,0,0.23623852,0
3,4,0,0,0,0.0,0.0,0.0,0.0,0.0,0.0,2.6317775,2.6133332,2,-1,0,0.09309226,0
3,23,0,0,0,0.0,0.0,0.0,0.0,0.0,0.0,1.9643403,2.026389,2,-1,0,0.08838204,0
3,32,0,0,0,0.0,0.0,0.0,0.0,0.0,0.0,2.1821737,2.1302779,2,-1,0,0.1330816,0
3,22,0,0,0,0.0,0.0,0.0,0.0,0.0,0.0,2.038014,2.0233333,2,-1,0,0.083649606,0
3,25,0,0,0,0.0,0.0,0.0,0.0,0.0,0.0,2.1430554,2.0719445,2,-1,0,0.105001576,0
3,31,0,0,0,0.0,0.0,0.0,0.0,0.0,0.0,2.4824724,2.523611,2,-1,0,0.10818854,0
3,29,0,0,0,0.0,0.0,0.0,0.0,0.0,0.0,2.1580904,2.1566668,2,-1,0,0.078691356,0
3,34,0,0,0,0.0,0.0,0.0,0.0,0.0,0.0,2.25625,2.307778,2,-1,0,0.026032984,0
3,28,0,0,0,0.0,0.0,0.0,0.0,0.0,0.0,2.2889307,2.281389,2,-1,0,0.13014774,0
3,31,0,0,0,0.0,0.0,0.0,0.0,0.0,0.0,2.1317778,2.1588888,2,-1,0,0.08917365,0
3,5,0,0,0,0.0,0.0,0.0,0.0,0.0,0.0,2.1874652,2.1597223,2,-1,0,0.06654171,0
3,24,0,0,0,0.0,0.0,0.0,0.0,0.0,0.0,2.1543958,2.1944444,2,-1,0,0.10215077,0
3,19,0,0,0,0.0,0.0,0.0,0.0,0.0,0.0,2.099639,2.1444445,2,-1,0,0.08415249,0
3,24,0,0,0,0.0,0.0,0.0,0.0,0.0,0.0,2.7868333,2.781389,2,-1,0,0.263679,0
3,36,0,0,0,0.0,0.0,0.0,0.0,0.0,0.0,2.0341458,2.0738888,2,-1,0,0.05265065,0
3,1,0,0,0,0.0,0.0,0.0,0.0,0.0,0.0,2.2025623,2.1136112,2,-1,0,0.062157817,0
3,12,0,0,0,0.0,0.0,0.0,0.0,0.0,0.0,2.331389,2.2102778,2,-1,0,0.056173198,0
3,38,0,0,0,0.0,0.0,0.0,0.0,0.0,0.0,2.4732502,2.4069445,2,-1,0,0.15926859,0
3,17,0,0,0,0.0,0.0,0.0,0.0,0.0,0.0,2.0296252,2.0372221,2,-1,0,0.040181447,0
3,10,0,0,0,0.0,0.0,0.0,0.0,0.0,0.0,2.1432986,2.1111112,2,-1,0,0.17299333,0
3,18,0,0,0,0.0,0.0,0.0,0.0,0.0,0.0,2.2418127,2.2141666,2,-1,0,0.12055689,0
4,11,0,0,0,0.0,0.0,0.0,0.0,0.0,0.0,1.9833126,2.0705554,2,-1,0,0.08308507,0
4,27,0,0,0,0.0,0.0,0.0,0.0,0.0,0.0,2.718021,2.8055556,2,-1,0,0.25614184,0
4,6,0,0,0,0.0,0.0,0.0,0.0,0.0,0.0,2.167021,2.2386112,2,-1,0,0.10731296,0
4,28,1,1,1,16.68654,185.9517,328.17062,-0.003230121,0.00046606138,-0.0018746352,3.8923473,3.9397223,2,0,1,0.98796684,1
4,36,0,0,0,0.0,0.0,0.0,0.0,0.0,0.0,2.1284027,2.0711112,2,-1,0,0.12122234,0
4,30,0,0,0,0.0,0.0,0.0,0.0,0.0,0.0,2.1894445,2.0397222,2,-1,0,0.11296709,0
4,2,0,0,0,0.0,0.0,0.0,0.0,0.0,0.0,2.0528889,2.0044444,2,-1,0,0.14969788,0
4,35,0,0,0,0.0,0.0,0.0,0.0,0.0,0.0,2.018139,2.0113888,2,-1,0,0.089070216,0
4,11,0,0,0,0.0,0.0,0.0,0.0,0.0,0.0,2.727167,2.7172222,2,-1,0,0.14000924,0
4,16,1,0,1,-31.531805,-221.31143,305.9427,-0.012997602,0.0079280045,-0.0050739157,3.5739372,3.5113888,2,-1,0,0.90405035,1
4,16,1,1,1,-31.531805,-221.31143,305.9427,-0.012997602,0.0079280045,-0.0050739157,15.227867,15.318611,2,1,1,0.98885334,1
4,14,0,0,0,0.0,0.0,0.0,0.0,0.0,0.0,2.1944444,2.1422222,2,-1,0,0.12662722,0
4,24,0,0,0,0.0,0.0,0.0,0.0,0.0,0.0,2.1132708,2.0677779,2,-1,0,0.10557475,0
4,34,1,1,1,-38.728622,-154.43533,134.6015,-0.004759167,0.0036448413,0.00010807567,6.7913685,6.683889,2,2,1,0.9950783,1
4,29,0,0,0,0.0,0.0,0.0,0.0,0.0,0.0,2.0910416,2.1033332,2,-1,0,0.07172874,0
4,36,1,1,1,-45.213364,391.00388,280.45743,-0.0054743793,0.0037732408,0.00059574173,7.4955974,7.6744447,2,3,1,0.988734,1
4,7,1,1,1,47.706768,-276.0114,330.73813,-0.0025054293,0.0007334953,0.0006022094,2.5493197,2.6241667,2,4,1,0.113951415,0
4,12,0,0,0,0.0,0.0,0.0,0.0,0.0,0.0,2.339521,2.2833333,2,-1,0,0.094594195,0
4,3,1,0,1,145.40707,-368.76236,314.17123,-0.015420362,0.010163514,-0.004737912,5.760958,5.8461113,2,-1,0,0.9668966,1
4,18,0,0,0,0.0,0.0,0.0,0.0,0.0,0.0,2.16575,2.2383332,2,-1,0,0.08576618,0
4,32,0,0,0,0.0,0.0,0.0,0.0,0.0,0.0,2.4661458,1.8144444,2,-1,0,0.061209913,0
4,7,0,0,0,0.0,0.0,0.0,0.0,0.0,0.0,2.2810693,2.2819445,2,-1,0,0.079208486,0
4,34,0,0,0,0.0,0.0,0.0,0.0,0.0,0.0,2.4023056,2.3311112,2,-1,0,0.17595129,0
4,40,1,1,1,-83.83168,-188.28539,419.1351,-0.0029534327,0.0005818549,0.00043212072,3.2802014,3.2058334,2,5,1,0.81697965,1
4,38,1,1,1,98.43503,66.366394,2.8676322,-0.008655162,0.0052852924,-0.004380914,12.753472,12.617778,2,6,1,0.9861268,1
4,26,1,1,1,-97.266365,399.15744,368.67465,-0.010601021,0.0063146036,-0.0022961732,8.514548,8.505278,2,7,1,0.99615026,1
4,20,0,0,0,0.0,0.0,0.0,0.0,0.0,0.0,2.966965,2.906111,2,-1,0,0.07891521,0
4,36,0,0,0,0.0,0.0,0.0,0.0,0.0,0.0,2.35175,2.2941666,2,-1,0,0.07807652,0
4,39,0,0,0,0.0,0.0,0.0,0.0,0.0,0.0,2.2016876,2.183889,2,-1,0,0.11677066,0
4,17,0,0,0,0.0,0.0,0.0,0.0,0.0,0.0,2.3266249,2.2705555,2,-1,0,0.17628948,0
4,20,0,0,0,0.0,0.0,0.0,0.0,0.0,0.0,2.3284583,2.3472223,2,-1,0,0.10797621,0
4,30,0,0,0,0.0,0.0,0.0,0.0,0.0,0.0,2.128236,2.1625,2,-1,0,0.04724015,0
4,36,0,0,0,0.0,0.0,0.0,0.0,0.0,0.0,2.713764,2.7294445,2,-1,0,0.14414379,0
4,35,1,1,1,131.62898,112.65956,371.0976,-0.0035773236,0.0017009246,-0.0025084328,4.200889,4.196944,2,8,1,0.98136294,1
4,2,0,0,0,0.0,0.0,0.0,0.0,0.0,0.0,2.2465487,2.1380556,2,-1,0,0.07047674,0
4,37,0,0,0,0.0,0.0,0.0,0.0,0.0,0.0,2.3085973,2.3186111,2,-1,0,0.10698704,0
4,25,0,0,0,0.0,0.0,0.0,0.0,0.0,0.0,2.0643265,2.0844445,2,-1,0,0.08970118,0
4,3,1,1,1,145.40707,-368.76236,314.17123,-0.015420362,0.010163514,-0.004737912,12.97391,12.885834,2,9,1,0.9998914,1
4,25,1,1,1,-141.35704,589.6002,231.44315,-0.018826552,0.014389501,-0.0065203784,5.298993,5.457222,2,10,1,0.95121825,1
4,6,1,1,1,-144.416,177.68077,154.18617,-0.020689404,0.013222829,-0.0039466186,27.679375,27.841389,2,11,1,0.98486936,1
4,17,1,1,1,147.10406,96.243996,265.97653,-0.0063353786,0.0052185515,-0.004548009,8.726285,8.738611,2,12,1,0.9876907,1
4,30,0,0,0,0.0,0.0,0.0,0.0,0.0,0.0,2.9334443,2.9922223,2,-1,0,0.32675195,0
4,25,1,0,1,-141.35704,589.6002,231.44315,-0.018826552,0.014389501,-0.0065203784,3.644646,3.7,2,-1,0,0.92331564,1
4,23,1,1,1,166.47098,555.2264,287.6967,-0.020012714,0.013178895,-0.005975656,24.504175,24.358334,2,13,1,0.9997838,1
4,27,0,0,0,0.0,0.0,0.0,0.0,0.0,0.0,2.0512917,2.0277777,2,-1,0,0.079446234,0
4,31,0,0,0,0.0,0.0,0.0,0.0,0.0,0.0,2.2923405,2.3597221,2,-1,0,0.113511585,0
4,20,0,0,0,0.0,0.0,0.0,0.0,0.0,0.0,2.4999583,2.5594444,2,-1,0,0.13004002,0
4,36,0,0,0,0.0,0.0,0.0,0.0,0.0,0.0,2.3005903,2.3541667,2,-1,0,0.059579156,0
4,26,0,0,0,0.0,0.0,0.0,0.0,0.0,0.0,2.023111,2.0375,2,-1,0,0.08252582,0
4,23,0,0,0,0.0,0.0,0.0,0.0,0.0,0.0,2.1433334,2.1272223,2,-1,0,0.08739067,0
4,16,0,0,0,0.0,0.0,0.0,0.0,0.0,0.0,2.1408958,2.1744444,2,-1,0,0.07266784,0
4,9,0,0,0,0.0,0.0,0.0,0.0,0.0,0.0,2.1476665,2.2841666,2,-1,0,0.10096563,0
4,4,0,0,0,0.0,0.0,0.0,0.0,0.0,0.0,2.419375,2.3791666,2,-1,0,0.08287954,0
4,14,0,0,0,0.0,0.0,0.0,0.0,0.0,0.0,2.355382,2.3705556,2,-1,0,0.09673541,0
4,4,0,0,0,0.0,0.0,0.0,0.0,0.0,0.0,2.0850832,2.128611,2,-1,0,0.13167207,0
4,15,0,0,0,0.0,0.0,0.0,0.0,0.0,0.0,2.474764,2.4344444,2,-1,0,0.14783157,0
4,1,0,0,0,0.0,0.0,0.0,0.0,0.0,0.0,2.6527987,2.6125,2,-1,0,0.37387767,0
4,37,1,1,1,-185.92673,87.14174,408.06818,-0.015294119,0.0085505545,-0.0016534752,18.970486,18.754444,2,14,1,0.9232153,1
4,32,1,1,1,-186.73161,-127.92902,387.85864,-0.012405649,0.008481103,-0.0007031276,7.556785,7.6466665,2,15,1,0.98575044,1
4,27,0,0,0,0.0,0.0,0.0,0.0,0.0,0.0,2.0537083,2.0452778,2,-1,0,0.08409411,0
4,34,0,0,0,0.0,0.0,0.0,0.0,0.0,0.0,2.4120696,2.5325,2,-1,0,0.11829611,0
4,17,0,0,0,0.0,0.0,0.0,0.0,0.0,0.0,2.947,2.9630556,2,-1,0,0.22345097,0
4,29,0,0,0,0.0,0.0,0.0,0.0,0.0,0.0,3.1440554,3.095,2,-1,0,0.70324284,1
4,9,1,1,1,191.11836,354.68057,304.93854,-0.003925917,0.0017811876,0.00068215985,4.4272294,4.2988887,2,16,1,0.9744178,1
4,39,0,0,0,0.0,0.0,0.0,0.0,0.0,0.0,2.298875,2.3811111,2,-1,0,0.119759984,0
4,32,1,0,1,-186.73161,-127.92902,387.85864,-0.012405649,0.008481103,-0.0007031276,3.6664584,3.5694444,2,-1,0,0.7980198,1
4,10,0,0,0,0.0,0.0,0.0,0.0,0.0,0.0,2.209889,2.153889,2,-1,0,0.14729686,0
4,7,0,0,0,0.0,0.0,0.0,0.0,0.0,0.0,2.1358056,2.0547223,2,-1,0,0.12117178,0
4,30,1,1,1,-200.18823,-552.41925,444.31577,-0.006752921,0.0033178602,-0.0012457467,8.06711,8.121944,2,17,1,0.9807082,1
4,11,0,0,0,0.0,0.0,0.0,0.0,0.0,0.0,2.1362917,2.1991668,2,-1,0,0.06786577,0
4,33,1,1,1,-203.41983,206.09816,1.8392859,-0.0039318586,0.0014996158,-0.0028085466,4.0629997,4.0088887,2,18,1,0.9827528,1
4,21,1,1,1,207.5159,-425.20554,259.22125,-0.0061848685,0.0014392093,-0.0018097567,6.6389933,6.6586113,2,19,1,0.9886828,1
4,21,0,0,0,0.0,0.0,0.0,0.0,0.0,0.0,2.4332638,2.4325,2,-1,0,0.13053058,0
4,6,0,0,0,0.0,0.0,0.0,0.0,0.0,0.0,2.092139,2.1244445,2,-1,0,0.06987521,0
4,12,1,1,1,-206.48181,-361.9258,115.901215,-0.00568377,0.0019121302,-0.002582577,6.3663335,6.4391665,2,20,1,0.9833967,1
4,11,0,0,0,0.0,0.0,0.0,0.0,0.0,0.0,2.5890694,2.5516667,2,-1,0,0.13062923,0
4,10,0,0,0,0.0,0.0,0.0,0.0,0.0,0.0,2.5589442,2.1377778,2,-1,0,0.04359384,0
4,20,0,0,0,0.0,0.0,0.0,0.0,0.0,0.0,2.3735554,2.3669446,2,-1,0,0.1005709,0
4,25,0,0,0,0.0,0.0,0.0,0.0,0.0,0.0,2.1051042,2.1530557,2,-1,0,0.08057501,0
4,18,0,0,0,0.0,0.0,0.0,0.0,0.0,0.0,2.6697917,2.6702778,2,-1,0,0.1825766,0
4,7,0,0,0,0.0,0.0,0.0,0.0,0.0,0.0,2.0695972,2.067222,2,-1,0,0.14912352,0
4,24,0,0,0,0.0,0.0,0.0,0.0,0.0,0.0,2.0171251,2.0680556,2,-1,0,0.13231729,0
4,7,0,0,0,0.0,0.0,0.0,0.0,0.0,0.0,2.3325415,2.2941666,2,-1,0,0.1805766,0
4,39,1,1,1,-226.73608,183.29704,453.3462,-0.005018668,0.003639726,-0.0032805067,6.923021,6.981111,2,21,1,0.9930554,1
4,9,0,0,0,0.0,0.0,0.0,0.0,0.0,0.0,2.0459235,2.0916667,2,-1,0,0.07710984,0
4,14,0,0,0,0.0,0.0,0.0,0.0,0.0,0.0,2.0361876,2.0586112,2,-1,0,0.15286489,0
4,39,0,0,0,0.0,0.0,0.0,0.0,0.0,0.0,2.685139,2.746389,2,-1,0,0.37674707,0
4,1,1,1,1,232.54182,231.30162,111.9809,-0.0013937997,0.002367333,-0.00014620765,2.4079168,2.4130557,2,22,1,0.2193899,0
4,21,0,0,0,0.0,0.0,0.0,0.0,0.0,0.0,2.3933334,2.3319445,2,-1,0,0.2874032,0
4,19,0,0,0,0.0,0.0,0.0,0.0,0.0,0.0,2.5256944,2.5980556,2,-1,0,0.1212423,0
4,31,0,0,0,0.0,0.0,0.0,0.0,0.0,0.0,2.2420416,2.231111,2,-1,0,0.11034963,0
4,36,0,0,0,0.0,0.0,0.0,0.0,0.0,0.0,2.1049306,2.1311111,2,-1,0,0.091750525,0
4,29,1,1,1,-255.77036,344.90878,72.60555,-0.002758465,3.733753e-05,-0.00041679357,2.2814584,2.2775,2,23,1,0.093866915,0
4,8,1,1,1,266.98737,361.2518,11.062779,-0.018706588,0.013139238,-0.004823555,22.191896,22.046389,2,24,1,0.9933981,1
4,6,0,0,0,0.0,0.0,0.0,0.0,0.0,0.0,1.9993194,2.0075,2,-1,0,0.08443368,0
4,4,1,1,1,268.26553,-123.076744,352.56213,-0.0036334193,0.0028129888,-0.002373966,4.744611,4.733611,2,25,1,0.9954122,1
4,25,0,0,0,0.0,0.0,0.0,0.0,0.0,0.0,2.223764,2.2722223,2,-1,0,0.14375906,0
4,13,0,0,0,0.0,0.0,0.0,0.0,0.0,0.0,2.077771,2.0777779,2,-1,0,0.09927105,0
4,36,0,0,0,0.0,0.0,0.0,0.0,0.0,0.0,2.2939308,2.27,2,-1,0,0.2086069,0
4,37,0,0,0,0.0,0.0,0.0,0.0,0.0,0.0,2.6859097,2.7308333,2,-1,0,0.6366053,1
4,3,0,0,0,0.0,0.0,0.0,0.0,0.0,0.0,2.4935763,2.4725,2,-1,0,0.09856795,0
4,35,0,0,0,0.0,0.0,0.0,0.0,0.0,0.0,2.3611388,2.3555555,2,-1,0,0.1684385,0
4,39,0,0,0,0.0,0.0,0.0,0.0,0.0,0.0,2.1814582,2.111389,2,-1,0,0.11045639,0
4,12,0,0,0,0.0,0.0,0.0,0.0,0.0,0.0,2.4723682,2.3969445,2,-1,0,0.0699854,0
4,34,0,0,0,0.0,0.0,0.0,0.0,0.0,0.0,2.566632,2.6294444,2,-1,0,0.029574605,0
4,13,1,1,1,-289.97336,512.46185,319.21094,-0.00949725,0.007895543,-0.0048987907,13.125605,13.241944,2,26,1,0.9936294,1
4,36,0,0,0,0.0,0.0,0.0,0.0,0.0,0.0,2.0988123,2.0608332,2,-1,0,0.06427854,0
4,8,0,0,0,0.0,0.0,0.0,0.0,0.0,0.0,2.1628957,2.1575,2,-1,0,0.16843948,0
4,20,0,0,0,0.0,0.0,0.0,0.0,0.0,0.0,2.1292014,2.0705554,2,-1,0,0.10603165,0
4,9,0,0,0,0.0,0.0,0.0,0.0,0.0,0.0,2.604083,2.5241666,2,-1,0,0.117174305,0
4,19,1,1,1,324.86514,442.60464,195.08652,-0.03111817,0.018965414,-0.009804366,32.545345,35.890556,2,27,1,0.9999813,1
4,20,0,0,0,0.0,0.0,0.0,0.0,0.0,0.0,2.4517846,2.531389,2,-1,0,0.27753326,0
4,34,0,0,0,0.0,0.0,0.0,0.0,0.0,0.0,2.262646,2.3866668,2,-1,0,0.0752115,0
4,36,0,0,0,0.0,0.0,0.0,0.0,0.0,0.0,2.1608195,2.2133334,2,-1,0,0.12932658,0
4,10,1,1,1,322.61426,324.66016,17.062561,-0.011476104,0.0075048665,-0.0042325095,12.39866,12.393333,2,28,1,0.9857706,1
4,18,1,1,1,323.352,-429.27856,361.26443,-0.005421426,0.0034018068,0.00058355095,6.1384583,6.1594443,2,29,1,0.99118304,1
4,32,0,0,0,0.0,0.0,0.0,0.0,0.0,0.0,2.1026597,2.061389,2,-1,0,0.11880969,0
4,17,0,0,0,0.0,0.0,0.0,0.0,0.0,0.0,2.5386872,0.72805554,2,-1,0,0.20134528,0
4,28,0,0,0,0.0,0.0,0.0,0.0,0.0,0.0,2.5115416,2.4877777,2,-1,0,0.122098945,0
4,24,0,0,0,0.0,0.0,0.0,0.0,0.0,0.0,2.6072502,2.4580555,2,-1,0,0.122309275,0
4,25,0,0,0,0.0,0.0,0.0,0.0,0.0,0.0,2.5061598,2.4891667,2,-1,0,0.13273504,0
4,30,0,0,0,0.0,0.0,0.0,0.0,0.0,0.0,2.2343333,2.192222,2,-1,0,0.19969116,0
4,39,0,0,0,0.0,0.0,0.0,0.0,0.0,0.0,2.5611737,2.5066667,2,-1,0,0.34330228,0
4,5,1,1,1,355.6944,311.08115,294.55154,-0.007857009,0.0045616194,-0.0029021325,9.024729,9.1258335,2,30,1,0.9850212,1
4,19,0,0,0,0.0,0.0,0.0,0.0,0.0,0.0,2.1871111,2.1847222,2,-1,0,0.05433448,0
4,14,1,1,1,360.95895,-383.2504,142.36533,-0.010035927,0.005010515,-0.0007609108,7.4648895,7.4555554,2,31,1,0.98472244,1
4,31,0,0,0,0.0,0.0,0.0,0.0,0.0,0.0,2.0538332,2.0633333,2,-1,0,0.11202764,0
4,36,0,0,0,0.0,0.0,0.0,0.0,0.0,0.0,2.2719097,2.348611,2,-1,0,0.10121353,0
4,13,0,0,0,0.0,0.0,0.0,0.0,0.0,0.0,2.1433263,2.0775,2,-1,0,0.045441985,0
4,26,0,0,0,0.0,0.0,0.0,0.0,0.0,0.0,2.377493,2.3497221,2,-1,0,0.106361054,0
4,2,0,0,0,0.0,0.0,0.0,0.0,0.0,0.0,2.6288543,2.5552778,2,-1,0,0.112514555,0
4,3,0,0,0,0.0,0.0,0.0,0.0,0.0,0.0,2.7791667,2.7697222,2,-1,0,0.1956477,0
4,27,0,0,0,0.0,0.0,0.0,0.0,0.0,0.0,1.9812777,2.0186112,2,-1,0,0.07138616,0
4,11,0,0,0,0.0,0.0,0.0,0.0,0.0,0.0,2.4877777,2.4505556,2,-1,0,0.13925973,0
4,23,0,0,0,0.0,0.0,0.0,0.0,0.0,0.0,2.0290694,2.06,2,-1,0,0.09956503,0
4,28,0,0,0,0.0,0.0,0.0,0.0,0.0,0.0,2.5717845,2.5725,2,-1,0,0.16377303,0
4,24,0,0,0,0.0,0.0,0.0,0.0,0.0,0.0,2.1207013,1.8802778,2,-1,0,0.10088528,0
4,17,0,0,0,0.0,0.0,0.0,0.0,0.0,0.0,2.473125,2.4941666,2,-1,0,0.11454351,0
4,13,0,0,0,0.0,0.0,0.0,0.0,0.0,0.0,2.4716458,2.398611,2,-1,0,0.113732,0
4,37,0,0,0,0.0,0.0,0.0,0.0,0.0,0.0,2.7352293,2.7752779,2,-1,0,0.14341299,0
4,29,0,0,0,0.0,0.0,0.0,0.0,0.0,0.0,2.4307916,2.4313889,2,-1,0,0.16253383,0
4,38,0,0,0,0.0,0.0,0.0,0.0,0.0,0.0,2.2856321,2.336111,2,-1,0,0.07717264,0
4,18,0,0,0,0.0,0.0,0.0,0.0,0.0,0.0,2.2991319,2.3030555,2,-1,0,0.108940326,0
4,9,0,0,0,0.0,0.0,0.0,0.0,0.0,0.0,2.1579168,2.2416666,2,-1,0,0.08266886,0
4,30,0,0,0,0.0,0.0,0.0,0.0,0.0,0.0,2.0246806,2.0830555,2,-1,0,0.09973377,0
